Source	Target
memex2010	杨早
memex2010	Discovery纪录片
memex2010	复旦大学公共艺术课堂
memex2010	君_君子兰
memex2010	雲中上師
memex2010	严锋
memex2010	琢磨先生
memex2010	社会学谢宇
memex2010	青春的sikun
memex2010	拇指阅读
memex2010	小晴表妹
memex2010	小鹿蠕蠕
memex2010	勤奋戈薇
memex2010	张发财
memex2010	东东枪
memex2010	读库
memex2010	俞老是之
memex2010	黄萱菁
memex2010	Bing周兵
memex2010	大脸撑在小胸
memex2010	我们1班
memex2010	英国那些事儿
memex2010	他回精神病院了
memex2010	土土allying
memex2010	陈尚君的微博
memex2010	韩涵涵
memex2010	naivefish819
memex2010	简单很美好
memex2010	往日尽欢颜
memex2010	横店影视城娱乐频道
memex2010	latex2e
memex2010	北冥乘海生
memex2010	鹦鹉史航
memex2010	赵国栋TMT
memex2010	上海译文
memex2010	复旦张_军平
memex2010	绿袖子蜗牛
memex2010	AliCia_Nyi
memex2010	留几手
memex2010	巫小贝
memex2010	summerrlee
memex2010	寒冰小白龙
memex2010	Eileen的又一块奶酪
memex2010	洛之秋
memex2010	Lens杂志
memex2010	卡桑德拉N9
memex2010	鲁东东胖
memex2010	勇者冒冒
memex2010	凯瑟琳me
memex2010	知而为之
memex2010	陈利人
memex2010	打酱油的芥末
memex2010	snowland
memex2010	FS-_-小飞飞在阿村
memex2010	安大海Ocean
memex2010	噶粗糙个妹子
memex2010	老树画画
memex2010	juststop
memex2010	仝宗锦
memex2010	_Rhein_
memex2010	紫依昂
memex2010	张栋_机器学习
memex2010	HippyHippo
memex2010	环球科学杂志社
memex2010	达浑
memex2010	于困困
memex2010	lukewarmwater
memex2010	朱飞达_新加坡管理大学
memex2010	诗人王寅
memex2010	视觉志
memex2010	阿福fd
memex2010	哈宝八宝
memex2010	莫逆的微博
memex2010	宁静致远渡重洋
memex2010	临时小号88
memex2010	卡拉OK统计学家
memex2010	程程鱼cheng
memex2010	Rock咻
memex2010	加州的好猫
memex2010	阿特姐姐
memex2010	SophiaX百足不僵
memex2010	Shanny的微博
memex2010	莺桃小丸子闫-YanYing
memex2010	林苒的林小苒
memex2010	家有猫好
memex2010	yyuiom
memex2010	安和桥
memex2010	Miyako蓉儿
memex2010	蓉小昕
memex2010	艾格吃饱了
memex2010	吳念真老先生
memex2010	包云岗
memex2010	东方早报上海书评
memex2010	唱美声的楚庄王
memex2010	朵姑娘儿
memex2010	强子文身
memex2010	琦琦喵喵_猫姐
memex2010	acmwwy
memex2010	小丫丫脚
memex2010	敦敦伟大友谊
memex2010	王立R9
memex2010	理论车间后门
memex2010	Sinky_妮秸
memex2010	李奕-Graylea
memex2010	陈年新米
memex2010	唐宋_彭超
memex2010	花伦w
memex2010	社会网络与数据挖掘
memex2010	科学松鼠会
memex2010	柠檬蜜蜂_淑女
memex2010	梁勒个斌
memex2010	晒太阳的猫啊
memex2010	___pm
memex2010	曹方Icy
memex2010	中国书画艺术
memex2010	史学理论陈新
memex2010	格格格格格巫
memex2010	组合优化与图论
memex2010	何其有幸9
memex2010	刽子手芳树
memex2010	莉莉丝粒粒陈
memex2010	山东行五
memex2010	押沙龙
memex2010	八八级的赵冬梅
memex2010	小人鱼mayland
memex2010	沧月
memex2010	文一丁_
memex2010	子夏曰
memex2010	Bradwarden01
memex2010	仙姑不是天使
memex2010	张奇FDU
memex2010	春春_大器晚成小狮子
memex2010	萍常芯儿
memex2010	guoxintao
memex2010	EMC中国研究院
memex2010	带一本书去巴黎
memex2010	王小妮
memex2010	科学探索
memex2010	laohumike
memex2010	美国国家地理
memex2010	Sherry_Pot
memex2010	哈哈越越
memex2010	歌之忆
memex2010	阿花的伊萨卡岛
memex2010	汪贇
memex2010	薛定谔汤猫
memex2010	刘江总编
memex2010	安普若-安校长
memex2010	YouTube精选
memex2010	xiangnanhe
memex2010	盛小雪_
memex2010	慕小容_SUA
memex2010	刘原
memex2010	北堂有萱
memex2010	梦翼云-慎言笃行
memex2010	deba
memex2010	Frank-林锋
memex2010	老董懂不懂
memex2010	黄昱宁
memex2010	刀尔登
memex2010	麻省理工科技创业
memex2010	熊培云
memex2010	麦田里的小狐狸
memex2010	粒雯
memex2010	展江
memex2010	倪三金
memex2010	wawayuer
memex2010	唐贤兴
memex2010	姜鹏_复旦
memex2010	李炎_诸行无常
memex2010	dolce小裁缝
memex2010	闪闪的闪闪
memex2010	edwardZq
memex2010	露希雅Kim
memex2010	圆圆茹比特
memex2010	Lynette_L
memex2010	哧痴
memex2010	李若玙
memex2010	素不素不
memex2010	杨小兔tutu
memex2010	沙叶新
memex2010	沈漂漂将军
memex2010	周欣悦_中大心理系
memex2010	昵称有人抢的尼姑
memex2010	田艺苗
memex2010	数学文化
memex2010	小屋爱诺诺
memex2010	宁财神
memex2010	木由言己
memex2010	cobrawing
memex2010	南方都市报
memex2010	思思DC
memex2010	洁尘
memex2010	yidsumi
memex2010	土家野夫
memex2010	数据堂
memex2010	圣幻雪_王敏
memex2010	蔚微澜
memex2010	dao_tao
memex2010	欣欣不适合学术
memex2010	Blueicev
memex2010	金雪丹
memex2010	BalletCoppelia
memex2010	蓓儿
memex2010	李冬君
memex2010	_Ronade
memex2010	fryicecream
memex2010	Karajam
memex2010	李航博士
memex2010	方馨2011
memex2010	金色浪涛
memex2010	御风而行泠然善也
memex2010	秋风论道
memex2010	待到烟花烂漫时
memex2010	正搞搞
memex2010	Ruka哥
memex2010	里杀
memex2010	Fake君
memex2010	咆哮女郎柏邦妮
memex2010	虾米音乐
memex2010	乌三顺
memex2010	laviezh-小夏
memex2010	_老朱
memex2010	企鹅古典音乐
memex2010	热血青年威震天
memex2010	周云蓬
memex2010	虾小龙哎哟na
memex2010	葫芦蜀黍
memex2010	屋顶上的鬼火
memex2010	都市快报
memex2010	summer初夏
memex2010	21世纪经济报道
memex2010	假装是华侨
memex2010	林竹
memex2010	王海勋haixun
memex2010	任晓雯
memex2010	加菲众
memex2010	孙孟晋
memex2010	潘采夫
memex2010	羽戈
memex2010	慕容雪村
memex2010	五岳散人
memex2010	惜夕西兮的西西
memex2010	曾庆云Krice
memex2010	FlorenceXu
memex2010	我爱发财小朋友
memex2010	王江涛
memex2010	钱钢
memex2010	许小年
memex2010	贾樟柯
memex2010	外出的小名
memex2010	复旦大学
memex2010	邱锡鹏
memex2010	MinqiZhou
memex2010	胡麻好种无人种
memex2010	于建嵘
memex2010	果壳网
memex2010	胡宁
memex2010	黄宇凯
memex2010	wnqian
memex2010	优笛
memex2010	南方人物周刊
memex2010	财经杂志
memex2010	财新新世纪周刊
memex2010	飞鱼秀喻舟
memex2010	飞鱼秀小飞
杨早	雲中上師
杨早	严锋
杨早	琢磨先生
杨早	他回精神病院了
杨早	陈尚君的微博
杨早	鹦鹉史航
杨早	留几手
杨早	仝宗锦
杨早	于困困
杨早	吳念真老先生
杨早	押沙龙
杨早	黄昱宁
杨早	刀尔登
杨早	dolce小裁缝
杨早	素不素不
杨早	宁财神
杨早	南方都市报
杨早	李冬君
杨早	咆哮女郎柏邦妮
杨早	21世纪经济报道
杨早	任晓雯
杨早	潘采夫
杨早	慕容雪村
复旦大学公共艺术课堂	Bing周兵
复旦大学公共艺术课堂	中国书画艺术
复旦大学公共艺术课堂	唐贤兴
复旦大学公共艺术课堂	企鹅古典音乐
复旦大学公共艺术课堂	复旦大学
君_君子兰	latex2e
君_君子兰	美国国家地理
君_君子兰	宁财神
雲中上師	严锋
雲中上師	陈尚君的微博
雲中上師	诗人王寅
雲中上師	东方早报上海书评
雲中上師	史学理论陈新
雲中上師	八八级的赵冬梅
雲中上師	YouTube精选
雲中上師	黄昱宁
雲中上師	钱钢
严锋	杨早
严锋	雲中上師
严锋	琢磨先生
严锋	拇指阅读
严锋	张发财
严锋	东东枪
严锋	读库
严锋	Bing周兵
严锋	大脸撑在小胸
严锋	他回精神病院了
严锋	陈尚君的微博
严锋	鹦鹉史航
严锋	留几手
严锋	洛之秋
严锋	Lens杂志
严锋	仝宗锦
严锋	环球科学杂志社
严锋	于困困
严锋	诗人王寅
严锋	东方早报上海书评
严锋	理论车间后门
严锋	科学松鼠会
严锋	中国书画艺术
严锋	押沙龙
严锋	美国国家地理
严锋	黄昱宁
严锋	熊培云
严锋	唐贤兴
严锋	姜鹏_复旦
严锋	dolce小裁缝
严锋	素不素不
严锋	田艺苗
严锋	宁财神
严锋	土家野夫
严锋	秋风论道
严锋	咆哮女郎柏邦妮
严锋	任晓雯
严锋	慕容雪村
严锋	五岳散人
严锋	钱钢
严锋	许小年
严锋	复旦大学
琢磨先生	严锋
琢磨先生	东东枪
琢磨先生	鹦鹉史航
琢磨先生	留几手
琢磨先生	社会网络与数据挖掘
琢磨先生	沧月
琢磨先生	慕容雪村
琢磨先生	五岳散人
青春的sikun	黄萱菁
青春的sikun	复旦张_军平
青春的sikun	summerrlee
青春的sikun	鲁东东胖
青春的sikun	陈利人
青春的sikun	snowland
青春的sikun	张栋_机器学习
青春的sikun	朱飞达_新加坡管理大学
青春的sikun	社会网络与数据挖掘
青春的sikun	科学松鼠会
青春的sikun	组合优化与图论
青春的sikun	EMC中国研究院
青春的sikun	歌之忆
青春的sikun	数学文化
青春的sikun	数据堂
青春的sikun	李航博士
青春的sikun	王海勋haixun
青春的sikun	果壳网
青春的sikun	wnqian
拇指阅读	杨早
拇指阅读	严锋
拇指阅读	读库
拇指阅读	洛之秋
拇指阅读	于困困
拇指阅读	东方早报上海书评
拇指阅读	任晓雯
拇指阅读	慕容雪村
小晴表妹	鹦鹉史航
小晴表妹	熊培云
小鹿蠕蠕	勤奋戈薇
小鹿蠕蠕	正搞搞
勤奋戈薇	小鹿蠕蠕
勤奋戈薇	正搞搞
张发财	东东枪
张发财	读库
张发财	他回精神病院了
张发财	鹦鹉史航
张发财	押沙龙
张发财	刘原
张发财	黄昱宁
张发财	宁财神
张发财	任晓雯
张发财	加菲众
张发财	潘采夫
张发财	慕容雪村
东东枪	严锋
东东枪	琢磨先生
东东枪	张发财
东东枪	读库
东东枪	我们1班
东东枪	英国那些事儿
东东枪	北冥乘海生
东东枪	鹦鹉史航
东东枪	洛之秋
东东枪	Lens杂志
东东枪	老树画画
东东枪	吳念真老先生
东东枪	科学松鼠会
东东枪	中国书画艺术
东东枪	押沙龙
东东枪	YouTube精选
东东枪	刘原
东东枪	黄昱宁
东东枪	麻省理工科技创业
东东枪	沙叶新
东东枪	宁财神
东东枪	土家野夫
东东枪	咆哮女郎柏邦妮
东东枪	周云蓬
东东枪	任晓雯
东东枪	加菲众
东东枪	潘采夫
东东枪	慕容雪村
读库	严锋
读库	张发财
读库	东东枪
读库	他回精神病院了
读库	老树画画
读库	吳念真老先生
读库	东方早报上海书评
读库	押沙龙
读库	黄昱宁
读库	刀尔登
读库	田艺苗
读库	宁财神
读库	任晓雯
读库	潘采夫
读库	慕容雪村
读库	许小年
俞老是之	严锋
俞老是之	黄萱菁
俞老是之	陈尚君的微博
俞老是之	上海译文
俞老是之	东方早报上海书评
俞老是之	张奇FDU
俞老是之	Frank-林锋
俞老是之	李航博士
俞老是之	邱锡鹏
黄萱菁	复旦张_军平
黄萱菁	寒冰小白龙
黄萱菁	鲁东东胖
黄萱菁	陈利人
黄萱菁	张栋_机器学习
黄萱菁	朱飞达_新加坡管理大学
黄萱菁	科学松鼠会
黄萱菁	梁勒个斌
黄萱菁	张奇FDU
黄萱菁	Frank-林锋
黄萱菁	数学文化
黄萱菁	南方都市报
黄萱菁	数据堂
黄萱菁	李航博士
黄萱菁	21世纪经济报道
黄萱菁	王海勋haixun
黄萱菁	复旦大学
黄萱菁	邱锡鹏
黄萱菁	果壳网
黄萱菁	wnqian
Bing周兵	严锋
Bing周兵	陈尚君的微博
Bing周兵	史学理论陈新
Bing周兵	美国国家地理
Bing周兵	姜鹏_复旦
Bing周兵	复旦大学
大脸撑在小胸	严锋
大脸撑在小胸	琢磨先生
大脸撑在小胸	张发财
大脸撑在小胸	东东枪
大脸撑在小胸	读库
大脸撑在小胸	英国那些事儿
大脸撑在小胸	他回精神病院了
大脸撑在小胸	鹦鹉史航
大脸撑在小胸	留几手
大脸撑在小胸	仝宗锦
大脸撑在小胸	张栋_机器学习
大脸撑在小胸	环球科学杂志社
大脸撑在小胸	于困困
大脸撑在小胸	吳念真老先生
大脸撑在小胸	社会网络与数据挖掘
大脸撑在小胸	科学松鼠会
大脸撑在小胸	中国书画艺术
大脸撑在小胸	组合优化与图论
大脸撑在小胸	押沙龙
大脸撑在小胸	科学探索
大脸撑在小胸	美国国家地理
大脸撑在小胸	安普若-安校长
大脸撑在小胸	YouTube精选
大脸撑在小胸	刀尔登
大脸撑在小胸	沙叶新
大脸撑在小胸	数学文化
大脸撑在小胸	宁财神
大脸撑在小胸	南方都市报
大脸撑在小胸	咆哮女郎柏邦妮
大脸撑在小胸	假装是华侨
大脸撑在小胸	潘采夫
大脸撑在小胸	慕容雪村
大脸撑在小胸	五岳散人
大脸撑在小胸	钱钢
大脸撑在小胸	贾樟柯
大脸撑在小胸	于建嵘
大脸撑在小胸	果壳网
大脸撑在小胸	南方人物周刊
我们1班	琢磨先生
我们1班	东东枪
我们1班	读库
我们1班	英国那些事儿
我们1班	押沙龙
我们1班	咆哮女郎柏邦妮
英国那些事儿	果壳网
他回精神病院了	杨早
他回精神病院了	严锋
他回精神病院了	张发财
他回精神病院了	读库
他回精神病院了	鹦鹉史航
他回精神病院了	吳念真老先生
他回精神病院了	宁财神
他回精神病院了	土家野夫
他回精神病院了	周云蓬
他回精神病院了	任晓雯
他回精神病院了	潘采夫
他回精神病院了	慕容雪村
他回精神病院了	五岳散人
土土allying	Lens杂志
土土allying	Rock咻
土土allying	科学松鼠会
土土allying	美国国家地理
土土allying	汪贇
土土allying	宁财神
土土allying	南方都市报
土土allying	虾米音乐
土土allying	屋顶上的鬼火
土土allying	21世纪经济报道
土土allying	果壳网
陈尚君的微博	雲中上師
陈尚君的微博	严锋
陈尚君的微博	史学理论陈新
陈尚君的微博	姜鹏_复旦
陈尚君的微博	沙叶新
韩涵涵	严锋
韩涵涵	读库
韩涵涵	他回精神病院了
韩涵涵	鹦鹉史航
韩涵涵	上海译文
韩涵涵	洛之秋
韩涵涵	老树画画
韩涵涵	诗人王寅
韩涵涵	莫逆的微博
韩涵涵	吳念真老先生
韩涵涵	科学松鼠会
韩涵涵	中国书画艺术
韩涵涵	王小妮
韩涵涵	黄昱宁
韩涵涵	土家野夫
韩涵涵	企鹅古典音乐
韩涵涵	周云蓬
韩涵涵	潘采夫
韩涵涵	慕容雪村
韩涵涵	许小年
韩涵涵	贾樟柯
naivefish819	安普若-安校长
naivefish819	FlorenceXu
简单很美好	laohumike
简单很美好	小屋爱诺诺
往日尽欢颜	东东枪
往日尽欢颜	读库
往日尽欢颜	鹦鹉史航
往日尽欢颜	Lens杂志
往日尽欢颜	宁财神
往日尽欢颜	南方都市报
往日尽欢颜	洁尘
往日尽欢颜	咆哮女郎柏邦妮
往日尽欢颜	南方人物周刊
横店影视城娱乐频道	宁财神
latex2e	君_君子兰
latex2e	我们1班
latex2e	赵国栋TMT
latex2e	复旦张_军平
latex2e	寒冰小白龙
latex2e	HippyHippo
latex2e	宁静致远渡重洋
latex2e	临时小号88
latex2e	卡拉OK统计学家
latex2e	加州的好猫
latex2e	家有猫好
latex2e	琦琦喵喵_猫姐
latex2e	唐宋_彭超
latex2e	梁勒个斌
latex2e	晒太阳的猫啊
latex2e	___pm
latex2e	组合优化与图论
latex2e	张奇FDU
latex2e	EMC中国研究院
latex2e	薛定谔汤猫
latex2e	李炎_诸行无常
latex2e	laviezh-小夏
latex2e	我爱发财小朋友
latex2e	外出的小名
latex2e	邱锡鹏
latex2e	wnqian
北冥乘海生	东东枪
北冥乘海生	陈利人
北冥乘海生	朱飞达_新加坡管理大学
北冥乘海生	姜鹏_复旦
北冥乘海生	yidsumi
北冥乘海生	李航博士
北冥乘海生	王海勋haixun
北冥乘海生	我爱发财小朋友
北冥乘海生	MinqiZhou
北冥乘海生	胡宁
北冥乘海生	wnqian
鹦鹉史航	杨早
鹦鹉史航	严锋
鹦鹉史航	琢磨先生
鹦鹉史航	小晴表妹
鹦鹉史航	张发财
鹦鹉史航	东东枪
鹦鹉史航	读库
鹦鹉史航	他回精神病院了
鹦鹉史航	留几手
鹦鹉史航	Lens杂志
鹦鹉史航	老树画画
鹦鹉史航	于困困
鹦鹉史航	吳念真老先生
鹦鹉史航	朵姑娘儿
鹦鹉史航	中国书画艺术
鹦鹉史航	押沙龙
鹦鹉史航	阿花的伊萨卡岛
鹦鹉史航	黄昱宁
鹦鹉史航	刀尔登
鹦鹉史航	dolce小裁缝
鹦鹉史航	沙叶新
鹦鹉史航	宁财神
鹦鹉史航	洁尘
鹦鹉史航	咆哮女郎柏邦妮
鹦鹉史航	周云蓬
鹦鹉史航	任晓雯
鹦鹉史航	潘采夫
鹦鹉史航	王江涛
鹦鹉史航	钱钢
鹦鹉史航	贾樟柯
赵国栋TMT	latex2e
赵国栋TMT	陈利人
赵国栋TMT	张栋_机器学习
赵国栋TMT	社会网络与数据挖掘
赵国栋TMT	中国书画艺术
赵国栋TMT	EMC中国研究院
赵国栋TMT	刘江总编
赵国栋TMT	数学文化
赵国栋TMT	数据堂
赵国栋TMT	21世纪经济报道
赵国栋TMT	财经杂志
上海译文	严锋
上海译文	张发财
上海译文	读库
上海译文	鹦鹉史航
上海译文	洛之秋
上海译文	Lens杂志
上海译文	诗人王寅
上海译文	科学松鼠会
上海译文	美国国家地理
上海译文	黄昱宁
上海译文	熊培云
上海译文	田艺苗
上海译文	宁财神
上海译文	洁尘
上海译文	任晓雯
上海译文	孙孟晋
上海译文	慕容雪村
上海译文	许小年
上海译文	贾樟柯
上海译文	复旦大学
上海译文	南方人物周刊
复旦张_军平	青春的sikun
复旦张_军平	黄萱菁
复旦张_军平	latex2e
复旦张_军平	陈利人
复旦张_军平	张栋_机器学习
复旦张_军平	安和桥
复旦张_军平	琦琦喵喵_猫姐
复旦张_军平	柠檬蜜蜂_淑女
复旦张_军平	梁勒个斌
复旦张_军平	张奇FDU
复旦张_军平	数据堂
复旦张_军平	Karajam
复旦张_军平	李航博士
复旦张_军平	王海勋haixun
复旦张_军平	复旦大学
复旦张_军平	邱锡鹏
复旦张_军平	wnqian
绿袖子蜗牛	我们1班
绿袖子蜗牛	Eileen的又一块奶酪
绿袖子蜗牛	FS-_-小飞飞在阿村
绿袖子蜗牛	老树画画
绿袖子蜗牛	Rock咻
绿袖子蜗牛	科学松鼠会
绿袖子蜗牛	薛定谔汤猫
绿袖子蜗牛	edwardZq
绿袖子蜗牛	cobrawing
绿袖子蜗牛	_Ronade
绿袖子蜗牛	方馨2011
绿袖子蜗牛	金色浪涛
绿袖子蜗牛	御风而行泠然善也
绿袖子蜗牛	正搞搞
绿袖子蜗牛	乌三顺
绿袖子蜗牛	laviezh-小夏
绿袖子蜗牛	_老朱
绿袖子蜗牛	热血青年威震天
绿袖子蜗牛	葫芦蜀黍
绿袖子蜗牛	屋顶上的鬼火
绿袖子蜗牛	FlorenceXu
绿袖子蜗牛	优笛
绿袖子蜗牛	飞鱼秀小飞
AliCia_Nyi	正搞搞
留几手	琢磨先生
留几手	宁财神
留几手	五岳散人
巫小贝	留几手
巫小贝	视觉志
巫小贝	Rock咻
巫小贝	科学松鼠会
巫小贝	美国国家地理
巫小贝	洁尘
巫小贝	咆哮女郎柏邦妮
巫小贝	虾米音乐
巫小贝	热血青年威震天
巫小贝	屋顶上的鬼火
巫小贝	南方人物周刊
summerrlee	青春的sikun
summerrlee	鲁东东胖
summerrlee	snowland
summerrlee	老树画画
summerrlee	朱飞达_新加坡管理大学
summerrlee	企鹅古典音乐
summerrlee	邱锡鹏
summerrlee	胡宁
summerrlee	wnqian
寒冰小白龙	黄萱菁
寒冰小白龙	latex2e
寒冰小白龙	勇者冒冒
寒冰小白龙	阿福fd
寒冰小白龙	加州的好猫
寒冰小白龙	家有猫好
寒冰小白龙	梁勒个斌
寒冰小白龙	晒太阳的猫啊
寒冰小白龙	___pm
寒冰小白龙	张奇FDU
寒冰小白龙	Frank-林锋
寒冰小白龙	屋顶上的鬼火
寒冰小白龙	我爱发财小朋友
寒冰小白龙	邱锡鹏
寒冰小白龙	wnqian
寒冰小白龙	飞鱼秀喻舟
寒冰小白龙	飞鱼秀小飞
Eileen的又一块奶酪	绿袖子蜗牛
Eileen的又一块奶酪	打酱油的芥末
Eileen的又一块奶酪	FS-_-小飞飞在阿村
Eileen的又一块奶酪	Rock咻
Eileen的又一块奶酪	格格格格格巫
Eileen的又一块奶酪	薛定谔汤猫
Eileen的又一块奶酪	deba
Eileen的又一块奶酪	edwardZq
Eileen的又一块奶酪	木由言己
Eileen的又一块奶酪	_Ronade
Eileen的又一块奶酪	方馨2011
Eileen的又一块奶酪	金色浪涛
Eileen的又一块奶酪	御风而行泠然善也
Eileen的又一块奶酪	正搞搞
Eileen的又一块奶酪	乌三顺
Eileen的又一块奶酪	laviezh-小夏
Eileen的又一块奶酪	_老朱
Eileen的又一块奶酪	屋顶上的鬼火
Eileen的又一块奶酪	wnqian
洛之秋	严锋
洛之秋	琢磨先生
洛之秋	东东枪
洛之秋	上海译文
洛之秋	仝宗锦
洛之秋	于困困
洛之秋	东方早报上海书评
洛之秋	阿花的伊萨卡岛
洛之秋	黄昱宁
洛之秋	粒雯
洛之秋	田艺苗
洛之秋	咆哮女郎柏邦妮
洛之秋	加菲众
洛之秋	孙孟晋
洛之秋	钱钢
洛之秋	南方人物周刊
Lens杂志	严锋
Lens杂志	东东枪
Lens杂志	鹦鹉史航
Lens杂志	洛之秋
Lens杂志	老树画画
Lens杂志	于困困
Lens杂志	诗人王寅
Lens杂志	吳念真老先生
Lens杂志	理论车间后门
Lens杂志	中国书画艺术
Lens杂志	阿花的伊萨卡岛
Lens杂志	刀尔登
Lens杂志	dolce小裁缝
Lens杂志	田艺苗
Lens杂志	宁财神
Lens杂志	土家野夫
Lens杂志	慕容雪村
Lens杂志	五岳散人
Lens杂志	钱钢
Lens杂志	许小年
Lens杂志	贾樟柯
Lens杂志	于建嵘
Lens杂志	果壳网
Lens杂志	南方人物周刊
Lens杂志	财经杂志
卡桑德拉N9	严锋
卡桑德拉N9	Bing周兵
卡桑德拉N9	陈尚君的微博
卡桑德拉N9	上海译文
卡桑德拉N9	留几手
卡桑德拉N9	科学松鼠会
卡桑德拉N9	中国书画艺术
卡桑德拉N9	史学理论陈新
卡桑德拉N9	姜鹏_复旦
卡桑德拉N9	慕容雪村
卡桑德拉N9	复旦大学
卡桑德拉N9	南方人物周刊
卡桑德拉N9	财新新世纪周刊
鲁东东胖	青春的sikun
鲁东东胖	黄萱菁
鲁东东胖	英国那些事儿
鲁东东胖	北冥乘海生
鲁东东胖	summerrlee
鲁东东胖	Lens杂志
鲁东东胖	snowland
鲁东东胖	老树画画
鲁东东胖	张栋_机器学习
鲁东东胖	朱飞达_新加坡管理大学
鲁东东胖	诗人王寅
鲁东东胖	包云岗
鲁东东胖	社会网络与数据挖掘
鲁东东胖	科学松鼠会
鲁东东胖	梁勒个斌
鲁东东胖	歌之忆
鲁东东胖	刘江总编
鲁东东胖	安普若-安校长
鲁东东胖	刘原
鲁东东胖	数学文化
鲁东东胖	李航博士
鲁东东胖	王海勋haixun
鲁东东胖	贾樟柯
鲁东东胖	邱锡鹏
鲁东东胖	胡宁
勇者冒冒	寒冰小白龙
勇者冒冒	梁勒个斌
勇者冒冒	方馨2011
勇者冒冒	屋顶上的鬼火
凯瑟琳me	外出的小名
知而为之	安大海Ocean
知而为之	紫依昂
知而为之	许小年
陈利人	北冥乘海生
陈利人	赵国栋TMT
陈利人	张栋_机器学习
陈利人	包云岗
陈利人	社会网络与数据挖掘
陈利人	EMC中国研究院
陈利人	刘江总编
陈利人	麻省理工科技创业
陈利人	慕容雪村
陈利人	五岳散人
陈利人	胡宁
打酱油的芥末	琢磨先生
打酱油的芥末	英国那些事儿
打酱油的芥末	绿袖子蜗牛
打酱油的芥末	留几手
打酱油的芥末	Eileen的又一块奶酪
打酱油的芥末	FS-_-小飞飞在阿村
打酱油的芥末	Rock咻
打酱油的芥末	科学松鼠会
打酱油的芥末	梁勒个斌
打酱油的芥末	格格格格格巫
打酱油的芥末	小人鱼mayland
打酱油的芥末	美国国家地理
打酱油的芥末	薛定谔汤猫
打酱油的芥末	安普若-安校长
打酱油的芥末	YouTube精选
打酱油的芥末	展江
打酱油的芥末	宁财神
打酱油的芥末	南方都市报
打酱油的芥末	_Ronade
打酱油的芥末	Karajam
打酱油的芥末	方馨2011
打酱油的芥末	金色浪涛
打酱油的芥末	正搞搞
打酱油的芥末	Ruka哥
打酱油的芥末	乌三顺
打酱油的芥末	laviezh-小夏
打酱油的芥末	_老朱
打酱油的芥末	热血青年威震天
打酱油的芥末	葫芦蜀黍
打酱油的芥末	屋顶上的鬼火
打酱油的芥末	五岳散人
打酱油的芥末	许小年
打酱油的芥末	复旦大学
打酱油的芥末	优笛
snowland	青春的sikun
snowland	东东枪
snowland	黄萱菁
snowland	大脸撑在小胸
snowland	我们1班
snowland	summerrlee
snowland	鲁东东胖
snowland	张栋_机器学习
snowland	朱飞达_新加坡管理大学
snowland	包云岗
snowland	社会网络与数据挖掘
snowland	EMC中国研究院
snowland	美国国家地理
snowland	刘江总编
snowland	数据堂
snowland	李航博士
snowland	王海勋haixun
snowland	贾樟柯
snowland	wnqian
FS-_-小飞飞在阿村	东东枪
FS-_-小飞飞在阿村	绿袖子蜗牛
FS-_-小飞飞在阿村	留几手
FS-_-小飞飞在阿村	Eileen的又一块奶酪
FS-_-小飞飞在阿村	打酱油的芥末
FS-_-小飞飞在阿村	Rock咻
FS-_-小飞飞在阿村	科学松鼠会
FS-_-小飞飞在阿村	格格格格格巫
FS-_-小飞飞在阿村	小人鱼mayland
FS-_-小飞飞在阿村	仙姑不是天使
FS-_-小飞飞在阿村	春春_大器晚成小狮子
FS-_-小飞飞在阿村	汪贇
FS-_-小飞飞在阿村	薛定谔汤猫
FS-_-小飞飞在阿村	edwardZq
FS-_-小飞飞在阿村	露希雅Kim
FS-_-小飞飞在阿村	沙叶新
FS-_-小飞飞在阿村	昵称有人抢的尼姑
FS-_-小飞飞在阿村	宁财神
FS-_-小飞飞在阿村	木由言己
FS-_-小飞飞在阿村	圣幻雪_王敏
FS-_-小飞飞在阿村	_Ronade
FS-_-小飞飞在阿村	Karajam
FS-_-小飞飞在阿村	方馨2011
FS-_-小飞飞在阿村	金色浪涛
FS-_-小飞飞在阿村	御风而行泠然善也
FS-_-小飞飞在阿村	乌三顺
FS-_-小飞飞在阿村	laviezh-小夏
FS-_-小飞飞在阿村	_老朱
FS-_-小飞飞在阿村	热血青年威震天
FS-_-小飞飞在阿村	葫芦蜀黍
FS-_-小飞飞在阿村	屋顶上的鬼火
FS-_-小飞飞在阿村	21世纪经济报道
FS-_-小飞飞在阿村	慕容雪村
FS-_-小飞飞在阿村	惜夕西兮的西西
FS-_-小飞飞在阿村	复旦大学
FS-_-小飞飞在阿村	优笛
安大海Ocean	知而为之
安大海Ocean	紫依昂
安大海Ocean	社会网络与数据挖掘
安大海Ocean	慕容雪村
老树画画	东东枪
老树画画	鹦鹉史航
老树画画	Lens杂志
老树画画	诗人王寅
老树画画	八八级的赵冬梅
老树画画	王小妮
老树画画	洁尘
老树画画	BalletCoppelia
老树画画	李冬君
老树画画	钱钢
juststop	严锋
juststop	读库
juststop	他回精神病院了
juststop	Lens杂志
juststop	诗人王寅
juststop	东方早报上海书评
juststop	理论车间后门
juststop	社会网络与数据挖掘
juststop	科学松鼠会
juststop	梁勒个斌
juststop	中国书画艺术
juststop	史学理论陈新
juststop	八八级的赵冬梅
juststop	展江
juststop	姜鹏_复旦
juststop	沙叶新
juststop	宁财神
juststop	南方都市报
juststop	21世纪经济报道
juststop	任晓雯
juststop	慕容雪村
juststop	五岳散人
juststop	钱钢
juststop	许小年
juststop	贾樟柯
juststop	复旦大学
juststop	于建嵘
juststop	南方人物周刊
仝宗锦	杨早
仝宗锦	严锋
仝宗锦	洛之秋
仝宗锦	Lens杂志
仝宗锦	于困困
仝宗锦	哈宝八宝
仝宗锦	东方早报上海书评
仝宗锦	花伦w
仝宗锦	科学松鼠会
仝宗锦	中国书画艺术
仝宗锦	何其有幸9
仝宗锦	山东行五
仝宗锦	押沙龙
仝宗锦	子夏曰
仝宗锦	美国国家地理
仝宗锦	阿花的伊萨卡岛
仝宗锦	展江
仝宗锦	唐贤兴
仝宗锦	dolce小裁缝
仝宗锦	宁财神
仝宗锦	南方都市报
仝宗锦	Blueicev
仝宗锦	秋风论道
仝宗锦	任晓雯
仝宗锦	羽戈
仝宗锦	慕容雪村
仝宗锦	钱钢
仝宗锦	于建嵘
仝宗锦	财新新世纪周刊
_Rhein_	北冥乘海生
_Rhein_	陈利人
_Rhein_	程程鱼cheng
_Rhein_	莺桃小丸子闫-YanYing
_Rhein_	小丫丫脚
_Rhein_	敦敦伟大友谊
_Rhein_	王立R9
_Rhein_	EMC中国研究院
_Rhein_	Sherry_Pot
_Rhein_	哈哈越越
_Rhein_	安普若-安校长
_Rhein_	李若玙
_Rhein_	yidsumi
_Rhein_	欣欣不适合学术
_Rhein_	王海勋haixun
_Rhein_	许小年
_Rhein_	MinqiZhou
_Rhein_	于建嵘
_Rhein_	胡宁
_Rhein_	wnqian
紫依昂	知而为之
紫依昂	安大海Ocean
张栋_机器学习	陈利人
张栋_机器学习	麻省理工科技创业
张栋_机器学习	数学文化
张栋_机器学习	李航博士
张栋_机器学习	胡宁
HippyHippo	东东枪
HippyHippo	读库
HippyHippo	latex2e
HippyHippo	鹦鹉史航
HippyHippo	吳念真老先生
HippyHippo	Sinky_妮秸
HippyHippo	科学松鼠会
HippyHippo	中国书画艺术
HippyHippo	沙叶新
HippyHippo	企鹅古典音乐
HippyHippo	钱钢
HippyHippo	果壳网
环球科学杂志社	严锋
环球科学杂志社	张栋_机器学习
环球科学杂志社	科学松鼠会
环球科学杂志社	EMC中国研究院
环球科学杂志社	科学探索
环球科学杂志社	美国国家地理
环球科学杂志社	展江
环球科学杂志社	数学文化
环球科学杂志社	宁财神
环球科学杂志社	南方都市报
环球科学杂志社	钱钢
环球科学杂志社	许小年
环球科学杂志社	复旦大学
环球科学杂志社	于建嵘
环球科学杂志社	果壳网
环球科学杂志社	南方人物周刊
环球科学杂志社	财经杂志
环球科学杂志社	财新新世纪周刊
达浑	Lens杂志
达浑	史学理论陈新
达浑	潘采夫
于困困	杨早
于困困	严锋
于困困	读库
于困困	鹦鹉史航
于困困	上海译文
于困困	洛之秋
于困困	Lens杂志
于困困	仝宗锦
于困困	诗人王寅
于困困	莫逆的微博
于困困	吳念真老先生
于困困	东方早报上海书评
于困困	科学松鼠会
于困困	押沙龙
于困困	王小妮
于困困	美国国家地理
于困困	阿花的伊萨卡岛
于困困	安普若-安校长
于困困	黄昱宁
于困困	刀尔登
于困困	dolce小裁缝
于困困	田艺苗
于困困	宁财神
于困困	土家野夫
于困困	21世纪经济报道
于困困	任晓雯
于困困	加菲众
于困困	孙孟晋
于困困	慕容雪村
于困困	钱钢
于困困	许小年
于困困	贾樟柯
于困困	于建嵘
于困困	果壳网
于困困	南方人物周刊
于困困	财新新世纪周刊
lukewarmwater	科学松鼠会
lukewarmwater	Bradwarden01
lukewarmwater	薛定谔汤猫
lukewarmwater	deba
lukewarmwater	edwardZq
lukewarmwater	木由言己
lukewarmwater	cobrawing
lukewarmwater	蔚微澜
lukewarmwater	金雪丹
lukewarmwater	_Ronade
lukewarmwater	方馨2011
lukewarmwater	金色浪涛
lukewarmwater	正搞搞
lukewarmwater	里杀
lukewarmwater	乌三顺
lukewarmwater	_老朱
lukewarmwater	果壳网
朱飞达_新加坡管理大学	严锋
朱飞达_新加坡管理大学	青春的sikun
朱飞达_新加坡管理大学	读库
朱飞达_新加坡管理大学	黄萱菁
朱飞达_新加坡管理大学	英国那些事儿
朱飞达_新加坡管理大学	北冥乘海生
朱飞达_新加坡管理大学	洛之秋
朱飞达_新加坡管理大学	鲁东东胖
朱飞达_新加坡管理大学	snowland
朱飞达_新加坡管理大学	吳念真老先生
朱飞达_新加坡管理大学	社会网络与数据挖掘
朱飞达_新加坡管理大学	中国书画艺术
朱飞达_新加坡管理大学	组合优化与图论
朱飞达_新加坡管理大学	guoxintao
朱飞达_新加坡管理大学	歌之忆
朱飞达_新加坡管理大学	刘江总编
朱飞达_新加坡管理大学	安普若-安校长
朱飞达_新加坡管理大学	沙叶新
朱飞达_新加坡管理大学	数学文化
朱飞达_新加坡管理大学	yidsumi
朱飞达_新加坡管理大学	欣欣不适合学术
朱飞达_新加坡管理大学	李航博士
朱飞达_新加坡管理大学	企鹅古典音乐
朱飞达_新加坡管理大学	王海勋haixun
朱飞达_新加坡管理大学	复旦大学
朱飞达_新加坡管理大学	胡宁
朱飞达_新加坡管理大学	wnqian
诗人王寅	严锋
诗人王寅	读库
诗人王寅	上海译文
诗人王寅	Lens杂志
诗人王寅	老树画画
诗人王寅	于困困
诗人王寅	吳念真老先生
诗人王寅	王小妮
诗人王寅	黄昱宁
诗人王寅	dolce小裁缝
诗人王寅	田艺苗
诗人王寅	洁尘
诗人王寅	任晓雯
诗人王寅	孙孟晋
诗人王寅	钱钢
诗人王寅	贾樟柯
阿福fd	寒冰小白龙
阿福fd	梁勒个斌
阿福fd	格格格格格巫
阿福fd	汪贇
阿福fd	方馨2011
阿福fd	惜夕西兮的西西
阿福fd	复旦大学
阿福fd	邱锡鹏
哈宝八宝	严锋
哈宝八宝	琢磨先生
哈宝八宝	大脸撑在小胸
哈宝八宝	洛之秋
哈宝八宝	Lens杂志
哈宝八宝	老树画画
哈宝八宝	仝宗锦
哈宝八宝	视觉志
哈宝八宝	Rock咻
哈宝八宝	Miyako蓉儿
哈宝八宝	蓉小昕
哈宝八宝	理论车间后门
哈宝八宝	花伦w
哈宝八宝	科学松鼠会
哈宝八宝	中国书画艺术
哈宝八宝	押沙龙
哈宝八宝	子夏曰
哈宝八宝	guoxintao
哈宝八宝	美国国家地理
哈宝八宝	阿花的伊萨卡岛
哈宝八宝	YouTube精选
哈宝八宝	麻省理工科技创业
哈宝八宝	熊培云
哈宝八宝	麦田里的小狐狸
哈宝八宝	姜鹏_复旦
哈宝八宝	宁财神
哈宝八宝	南方都市报
哈宝八宝	咆哮女郎柏邦妮
哈宝八宝	虾米音乐
哈宝八宝	企鹅古典音乐
哈宝八宝	21世纪经济报道
哈宝八宝	任晓雯
哈宝八宝	慕容雪村
哈宝八宝	许小年
哈宝八宝	复旦大学
哈宝八宝	于建嵘
哈宝八宝	果壳网
哈宝八宝	南方人物周刊
哈宝八宝	财经杂志
莫逆的微博	张发财
莫逆的微博	于困困
莫逆的微博	YouTube精选
莫逆的微博	南方都市报
莫逆的微博	咆哮女郎柏邦妮
莫逆的微博	企鹅古典音乐
莫逆的微博	孙孟晋
莫逆的微博	慕容雪村
莫逆的微博	五岳散人
莫逆的微博	许小年
莫逆的微博	于建嵘
莫逆的微博	南方人物周刊
宁静致远渡重洋	琢磨先生
宁静致远渡重洋	latex2e
宁静致远渡重洋	临时小号88
宁静致远渡重洋	卡拉OK统计学家
宁静致远渡重洋	加州的好猫
宁静致远渡重洋	家有猫好
宁静致远渡重洋	科学松鼠会
宁静致远渡重洋	___pm
宁静致远渡重洋	张奇FDU
宁静致远渡重洋	屋顶上的鬼火
宁静致远渡重洋	我爱发财小朋友
宁静致远渡重洋	邱锡鹏
宁静致远渡重洋	wnqian
临时小号88	latex2e
临时小号88	宁静致远渡重洋
临时小号88	卡拉OK统计学家
临时小号88	YouTube精选
临时小号88	宁财神
临时小号88	南方都市报
临时小号88	我爱发财小朋友
临时小号88	wnqian
卡拉OK统计学家	latex2e
卡拉OK统计学家	宁静致远渡重洋
卡拉OK统计学家	临时小号88
卡拉OK统计学家	加州的好猫
卡拉OK统计学家	家有猫好
卡拉OK统计学家	___pm
卡拉OK统计学家	孙孟晋
卡拉OK统计学家	我爱发财小朋友
卡拉OK统计学家	复旦大学
卡拉OK统计学家	邱锡鹏
卡拉OK统计学家	wnqian
程程鱼cheng	北冥乘海生
程程鱼cheng	_Rhein_
程程鱼cheng	小丫丫脚
程程鱼cheng	敦敦伟大友谊
程程鱼cheng	王立R9
程程鱼cheng	社会网络与数据挖掘
程程鱼cheng	EMC中国研究院
程程鱼cheng	Sherry_Pot
程程鱼cheng	哈哈越越
程程鱼cheng	YouTube精选
程程鱼cheng	宁财神
程程鱼cheng	yidsumi
程程鱼cheng	数据堂
程程鱼cheng	欣欣不适合学术
程程鱼cheng	我爱发财小朋友
程程鱼cheng	MinqiZhou
程程鱼cheng	胡宁
程程鱼cheng	wnqian
Rock咻	土土allying
Rock咻	绿袖子蜗牛
Rock咻	留几手
Rock咻	巫小贝
Rock咻	Eileen的又一块奶酪
Rock咻	打酱油的芥末
Rock咻	FS-_-小飞飞在阿村
Rock咻	哈宝八宝
Rock咻	科学松鼠会
Rock咻	格格格格格巫
Rock咻	小人鱼mayland
Rock咻	guoxintao
Rock咻	汪贇
Rock咻	薛定谔汤猫
Rock咻	刘江总编
Rock咻	麦田里的小狐狸
Rock咻	木由言己
Rock咻	cobrawing
Rock咻	_Ronade
Rock咻	方馨2011
Rock咻	金色浪涛
Rock咻	御风而行泠然善也
Rock咻	正搞搞
Rock咻	虾米音乐
Rock咻	乌三顺
Rock咻	laviezh-小夏
Rock咻	_老朱
Rock咻	热血青年威震天
Rock咻	葫芦蜀黍
Rock咻	屋顶上的鬼火
Rock咻	惜夕西兮的西西
Rock咻	优笛
加州的好猫	黄萱菁
加州的好猫	latex2e
加州的好猫	寒冰小白龙
加州的好猫	卡拉OK统计学家
加州的好猫	家有猫好
加州的好猫	张奇FDU
加州的好猫	Frank-林锋
加州的好猫	邱锡鹏
加州的好猫	wnqian
阿特姐姐	理论车间后门
SophiaX百足不僵	东东枪
SophiaX百足不僵	读库
SophiaX百足不僵	大脸撑在小胸
SophiaX百足不僵	英国那些事儿
SophiaX百足不僵	留几手
SophiaX百足不僵	于困困
SophiaX百足不僵	艾格吃饱了
SophiaX百足不僵	吳念真老先生
SophiaX百足不僵	科学松鼠会
SophiaX百足不僵	阿花的伊萨卡岛
SophiaX百足不僵	YouTube精选
SophiaX百足不僵	麦田里的小狐狸
SophiaX百足不僵	土家野夫
SophiaX百足不僵	咆哮女郎柏邦妮
SophiaX百足不僵	潘采夫
SophiaX百足不僵	钱钢
SophiaX百足不僵	许小年
SophiaX百足不僵	果壳网
Shanny的微博	莺桃小丸子闫-YanYing
Shanny的微博	科学松鼠会
Shanny的微博	蓓儿
Shanny的微博	我爱发财小朋友
Shanny的微博	胡麻好种无人种
Shanny的微博	wnqian
莺桃小丸子闫-YanYing	北冥乘海生
莺桃小丸子闫-YanYing	陈利人
莺桃小丸子闫-YanYing	Shanny的微博
莺桃小丸子闫-YanYing	社会网络与数据挖掘
莺桃小丸子闫-YanYing	张奇FDU
莺桃小丸子闫-YanYing	yidsumi
莺桃小丸子闫-YanYing	dao_tao
莺桃小丸子闫-YanYing	蓓儿
莺桃小丸子闫-YanYing	李航博士
莺桃小丸子闫-YanYing	王海勋haixun
莺桃小丸子闫-YanYing	慕容雪村
莺桃小丸子闫-YanYing	我爱发财小朋友
莺桃小丸子闫-YanYing	复旦大学
莺桃小丸子闫-YanYing	邱锡鹏
莺桃小丸子闫-YanYing	MinqiZhou
莺桃小丸子闫-YanYing	胡宁
莺桃小丸子闫-YanYing	黄宇凯
莺桃小丸子闫-YanYing	wnqian
莺桃小丸子闫-YanYing	飞鱼秀喻舟
莺桃小丸子闫-YanYing	飞鱼秀小飞
林苒的林小苒	Lens杂志
林苒的林小苒	视觉志
林苒的林小苒	阿特姐姐
林苒的林小苒	理论车间后门
林苒的林小苒	宁财神
林苒的林小苒	五岳散人
家有猫好	黄萱菁
家有猫好	寒冰小白龙
家有猫好	卡拉OK统计学家
家有猫好	加州的好猫
家有猫好	科学松鼠会
家有猫好	___pm
家有猫好	张奇FDU
家有猫好	薛定谔汤猫
家有猫好	Frank-林锋
家有猫好	复旦大学
家有猫好	邱锡鹏
家有猫好	wnqian
yyuiom	中国书画艺术
yyuiom	史学理论陈新
yyuiom	小人鱼mayland
yyuiom	美国国家地理
yyuiom	刘原
yyuiom	宁财神
yyuiom	南方都市报
yyuiom	任晓雯
yyuiom	慕容雪村
yyuiom	五岳散人
yyuiom	复旦大学
yyuiom	于建嵘
yyuiom	优笛
yyuiom	南方人物周刊
安和桥	黄萱菁
安和桥	北冥乘海生
安和桥	复旦张_军平
安和桥	留几手
安和桥	老树画画
安和桥	张栋_机器学习
安和桥	柠檬蜜蜂_淑女
安和桥	EMC中国研究院
安和桥	Frank-林锋
安和桥	数学文化
安和桥	李航博士
安和桥	慕容雪村
安和桥	复旦大学
安和桥	胡宁
Miyako蓉儿	英国那些事儿
Miyako蓉儿	哈宝八宝
Miyako蓉儿	李奕-Graylea
Miyako蓉儿	科学松鼠会
Miyako蓉儿	YouTube精选
Miyako蓉儿	粒雯
Miyako蓉儿	宁财神
Miyako蓉儿	Karajam
Miyako蓉儿	咆哮女郎柏邦妮
Miyako蓉儿	laviezh-小夏
蓉小昕	哈宝八宝
蓉小昕	热血青年威震天
蓉小昕	惜夕西兮的西西
蓉小昕	复旦大学
艾格吃饱了	张发财
艾格吃饱了	英国那些事儿
艾格吃饱了	老树画画
艾格吃饱了	中国书画艺术
艾格吃饱了	美国国家地理
艾格吃饱了	阿花的伊萨卡岛
艾格吃饱了	薛定谔汤猫
艾格吃饱了	安普若-安校长
艾格吃饱了	宁财神
艾格吃饱了	企鹅古典音乐
艾格吃饱了	都市快报
艾格吃饱了	许小年
吳念真老先生	读库
吳念真老先生	他回精神病院了
吳念真老先生	鹦鹉史航
吳念真老先生	Lens杂志
吳念真老先生	于困困
吳念真老先生	诗人王寅
吳念真老先生	孙孟晋
包云岗	陈利人
包云岗	环球科学杂志社
包云岗	组合优化与图论
包云岗	子夏曰
包云岗	科学探索
包云岗	歌之忆
包云岗	麻省理工科技创业
包云岗	数学文化
包云岗	数据堂
东方早报上海书评	严锋
东方早报上海书评	读库
东方早报上海书评	洛之秋
东方早报上海书评	仝宗锦
东方早报上海书评	于困困
东方早报上海书评	黄昱宁
东方早报上海书评	任晓雯
唱美声的楚庄王	东东枪
唱美声的楚庄王	我们1班
唱美声的楚庄王	英国那些事儿
唱美声的楚庄王	上海译文
唱美声的楚庄王	社会网络与数据挖掘
唱美声的楚庄王	科学松鼠会
唱美声的楚庄王	科学探索
唱美声的楚庄王	YouTube精选
唱美声的楚庄王	麻省理工科技创业
唱美声的楚庄王	唐贤兴
唱美声的楚庄王	田艺苗
唱美声的楚庄王	数学文化
唱美声的楚庄王	企鹅古典音乐
唱美声的楚庄王	21世纪经济报道
唱美声的楚庄王	于建嵘
唱美声的楚庄王	果壳网
朵姑娘儿	英国那些事儿
朵姑娘儿	鹦鹉史航
朵姑娘儿	咆哮女郎柏邦妮
朵姑娘儿	许小年
琦琦喵喵_猫姐	李奕-Graylea
琦琦喵喵_猫姐	梁勒个斌
琦琦喵喵_猫姐	仙姑不是天使
琦琦喵喵_猫姐	麦田里的小狐狸
琦琦喵喵_猫姐	露希雅Kim
琦琦喵喵_猫姐	昵称有人抢的尼姑
琦琦喵喵_猫姐	Karajam
琦琦喵喵_猫姐	屋顶上的鬼火
acmwwy	张栋_机器学习
acmwwy	科学松鼠会
acmwwy	EMC中国研究院
acmwwy	刘江总编
acmwwy	麻省理工科技创业
acmwwy	yidsumi
acmwwy	数据堂
acmwwy	李航博士
acmwwy	王海勋haixun
acmwwy	MinqiZhou
acmwwy	胡麻好种无人种
acmwwy	胡宁
acmwwy	黄宇凯
acmwwy	wnqian
小丫丫脚	横店影视城娱乐频道
小丫丫脚	_Rhein_
小丫丫脚	程程鱼cheng
小丫丫脚	敦敦伟大友谊
小丫丫脚	王立R9
小丫丫脚	Sherry_Pot
小丫丫脚	哈哈越越
小丫丫脚	xiangnanhe
小丫丫脚	yidsumi
小丫丫脚	欣欣不适合学术
小丫丫脚	王海勋haixun
小丫丫脚	我爱发财小朋友
小丫丫脚	MinqiZhou
小丫丫脚	wnqian
小丫丫脚	南方人物周刊
敦敦伟大友谊	北冥乘海生
敦敦伟大友谊	陈利人
敦敦伟大友谊	_Rhein_
敦敦伟大友谊	张栋_机器学习
敦敦伟大友谊	程程鱼cheng
敦敦伟大友谊	小丫丫脚
敦敦伟大友谊	王立R9
敦敦伟大友谊	EMC中国研究院
敦敦伟大友谊	Sherry_Pot
敦敦伟大友谊	哈哈越越
敦敦伟大友谊	刘江总编
敦敦伟大友谊	YouTube精选
敦敦伟大友谊	xiangnanhe
敦敦伟大友谊	李若玙
敦敦伟大友谊	土家野夫
敦敦伟大友谊	欣欣不适合学术
敦敦伟大友谊	21世纪经济报道
敦敦伟大友谊	王海勋haixun
敦敦伟大友谊	任晓雯
敦敦伟大友谊	慕容雪村
敦敦伟大友谊	MinqiZhou
敦敦伟大友谊	于建嵘
敦敦伟大友谊	胡宁
敦敦伟大友谊	wnqian
王立R9	北冥乘海生
王立R9	_Rhein_
王立R9	程程鱼cheng
王立R9	小丫丫脚
王立R9	敦敦伟大友谊
王立R9	EMC中国研究院
王立R9	Sherry_Pot
王立R9	哈哈越越
王立R9	麻省理工科技创业
王立R9	南方都市报
王立R9	yidsumi
王立R9	欣欣不适合学术
王立R9	李航博士
王立R9	王海勋haixun
王立R9	我爱发财小朋友
王立R9	MinqiZhou
王立R9	胡宁
王立R9	wnqian
理论车间后门	严锋
理论车间后门	juststop
理论车间后门	阿特姐姐
理论车间后门	林苒的林小苒
理论车间后门	史学理论陈新
理论车间后门	黄昱宁
理论车间后门	素不素不
理论车间后门	田艺苗
理论车间后门	BalletCoppelia
理论车间后门	企鹅古典音乐
Sinky_妮秸	HippyHippo
Sinky_妮秸	宁财神
Sinky_妮秸	复旦大学
李奕-Graylea	Miyako蓉儿
李奕-Graylea	琦琦喵喵_猫姐
李奕-Graylea	仙姑不是天使
李奕-Graylea	薛定谔汤猫
李奕-Graylea	麦田里的小狐狸
李奕-Graylea	露希雅Kim
李奕-Graylea	昵称有人抢的尼姑
李奕-Graylea	Karajam
李奕-Graylea	复旦大学
陈年新米	留几手
陈年新米	薛定谔汤猫
陈年新米	YouTube精选
陈年新米	熊培云
陈年新米	21世纪经济报道
陈年新米	五岳散人
唐宋_彭超	latex2e
唐宋_彭超	理论车间后门
唐宋_彭超	科学松鼠会
唐宋_彭超	梁勒个斌
唐宋_彭超	中国书画艺术
唐宋_彭超	春春_大器晚成小狮子
唐宋_彭超	李炎_诸行无常
唐宋_彭超	数据堂
唐宋_彭超	许小年
唐宋_彭超	复旦大学
唐宋_彭超	wnqian
唐宋_彭超	财新新世纪周刊
花伦w	仝宗锦
花伦w	山东行五
花伦w	阿花的伊萨卡岛
花伦w	黄昱宁
花伦w	宁财神
花伦w	秋风论道
花伦w	许小年
社会网络与数据挖掘	琢磨先生
社会网络与数据挖掘	陈利人
社会网络与数据挖掘	张栋_机器学习
社会网络与数据挖掘	科学松鼠会
社会网络与数据挖掘	EMC中国研究院
社会网络与数据挖掘	李航博士
社会网络与数据挖掘	果壳网
科学松鼠会	严锋
科学松鼠会	环球科学杂志社
科学松鼠会	科学探索
科学松鼠会	美国国家地理
科学松鼠会	数学文化
科学松鼠会	咆哮女郎柏邦妮
科学松鼠会	加菲众
科学松鼠会	钱钢
科学松鼠会	果壳网
科学松鼠会	南方人物周刊
科学松鼠会	财新新世纪周刊
柠檬蜜蜂_淑女	复旦张_军平
柠檬蜜蜂_淑女	留几手
柠檬蜜蜂_淑女	老树画画
柠檬蜜蜂_淑女	张栋_机器学习
柠檬蜜蜂_淑女	视觉志
柠檬蜜蜂_淑女	安和桥
柠檬蜜蜂_淑女	科学松鼠会
柠檬蜜蜂_淑女	梁勒个斌
柠檬蜜蜂_淑女	组合优化与图论
柠檬蜜蜂_淑女	美国国家地理
柠檬蜜蜂_淑女	刘江总编
柠檬蜜蜂_淑女	数学文化
柠檬蜜蜂_淑女	宁财神
柠檬蜜蜂_淑女	李航博士
柠檬蜜蜂_淑女	企鹅古典音乐
柠檬蜜蜂_淑女	贾樟柯
柠檬蜜蜂_淑女	复旦大学
柠檬蜜蜂_淑女	果壳网
梁勒个斌	严锋
梁勒个斌	黄萱菁
梁勒个斌	latex2e
梁勒个斌	复旦张_军平
梁勒个斌	留几手
梁勒个斌	寒冰小白龙
梁勒个斌	鲁东东胖
梁勒个斌	勇者冒冒
梁勒个斌	juststop
梁勒个斌	阿福fd
梁勒个斌	琦琦喵喵_猫姐
梁勒个斌	唐宋_彭超
梁勒个斌	科学松鼠会
梁勒个斌	柠檬蜜蜂_淑女
梁勒个斌	汪贇
梁勒个斌	姜鹏_复旦
梁勒个斌	数学文化
梁勒个斌	李航博士
梁勒个斌	屋顶上的鬼火
梁勒个斌	21世纪经济报道
梁勒个斌	王海勋haixun
梁勒个斌	许小年
梁勒个斌	复旦大学
梁勒个斌	邱锡鹏
梁勒个斌	果壳网
梁勒个斌	南方人物周刊
梁勒个斌	财新新世纪周刊
晒太阳的猫啊	latex2e
晒太阳的猫啊	寒冰小白龙
晒太阳的猫啊	___pm
晒太阳的猫啊	张奇FDU
晒太阳的猫啊	宁财神
晒太阳的猫啊	邱锡鹏
___pm	latex2e
___pm	寒冰小白龙
___pm	陈利人
___pm	宁静致远渡重洋
___pm	卡拉OK统计学家
___pm	加州的好猫
___pm	家有猫好
___pm	晒太阳的猫啊
___pm	张奇FDU
___pm	EMC中国研究院
___pm	美国国家地理
___pm	薛定谔汤猫
___pm	YouTube精选
___pm	Frank-林锋
___pm	edwardZq
___pm	宁财神
___pm	蓓儿
___pm	方馨2011
___pm	乌三顺
___pm	laviezh-小夏
___pm	21世纪经济报道
___pm	我爱发财小朋友
___pm	贾樟柯
___pm	邱锡鹏
___pm	wnqian
曹方Icy	飞鱼秀小飞
中国书画艺术	严锋
中国书画艺术	东东枪
中国书画艺术	鹦鹉史航
中国书画艺术	Lens杂志
中国书画艺术	仝宗锦
中国书画艺术	沧月
中国书画艺术	任晓雯
中国书画艺术	五岳散人
中国书画艺术	许小年
史学理论陈新	Discovery纪录片
史学理论陈新	雲中上師
史学理论陈新	Bing周兵
史学理论陈新	陈尚君的微博
史学理论陈新	上海译文
史学理论陈新	东方早报上海书评
史学理论陈新	美国国家地理
史学理论陈新	麻省理工科技创业
史学理论陈新	姜鹏_复旦
史学理论陈新	于建嵘
史学理论陈新	南方人物周刊
格格格格格巫	Eileen的又一块奶酪
格格格格格巫	FS-_-小飞飞在阿村
格格格格格巫	阿福fd
格格格格格巫	Rock咻
格格格格格巫	科学松鼠会
格格格格格巫	美国国家地理
格格格格格巫	汪贇
格格格格格巫	木由言己
格格格格格巫	南方都市报
格格格格格巫	金雪丹
格格格格格巫	_Ronade
格格格格格巫	方馨2011
格格格格格巫	金色浪涛
格格格格格巫	惜夕西兮的西西
格格格格格巫	复旦大学
格格格格格巫	果壳网
组合优化与图论	包云岗
组合优化与图论	社会网络与数据挖掘
组合优化与图论	科学松鼠会
组合优化与图论	EMC中国研究院
组合优化与图论	歌之忆
组合优化与图论	麻省理工科技创业
组合优化与图论	数学文化
组合优化与图论	果壳网
何其有幸9	Discovery纪录片
何其有幸9	琢磨先生
何其有幸9	东东枪
何其有幸9	鹦鹉史航
何其有幸9	Lens杂志
何其有幸9	仝宗锦
何其有幸9	于困困
何其有幸9	东方早报上海书评
何其有幸9	中国书画艺术
何其有幸9	美国国家地理
何其有幸9	阿花的伊萨卡岛
何其有幸9	唐贤兴
何其有幸9	沙叶新
何其有幸9	洁尘
何其有幸9	土家野夫
何其有幸9	虾米音乐
何其有幸9	21世纪经济报道
何其有幸9	羽戈
何其有幸9	五岳散人
何其有幸9	贾樟柯
刽子手芳树	deba
刽子手芳树	木由言己
刽子手芳树	蔚微澜
刽子手芳树	金雪丹
刽子手芳树	_Ronade
刽子手芳树	金色浪涛
刽子手芳树	里杀
刽子手芳树	乌三顺
莉莉丝粒粒陈	琢磨先生
莉莉丝粒粒陈	东东枪
莉莉丝粒粒陈	英国那些事儿
莉莉丝粒粒陈	留几手
莉莉丝粒粒陈	Lens杂志
莉莉丝粒粒陈	老树画画
莉莉丝粒粒陈	诗人王寅
莉莉丝粒粒陈	科学松鼠会
莉莉丝粒粒陈	中国书画艺术
莉莉丝粒粒陈	宁财神
莉莉丝粒粒陈	洁尘
莉莉丝粒粒陈	土家野夫
莉莉丝粒粒陈	慕容雪村
莉莉丝粒粒陈	果壳网
山东行五	仝宗锦
山东行五	花伦w
山东行五	刘江总编
山东行五	熊培云
山东行五	展江
山东行五	李冬君
山东行五	秋风论道
山东行五	企鹅古典音乐
山东行五	羽戈
山东行五	五岳散人
押沙龙	严锋
押沙龙	张发财
押沙龙	东东枪
押沙龙	鹦鹉史航
押沙龙	上海译文
押沙龙	科学松鼠会
押沙龙	刘原
押沙龙	黄昱宁
押沙龙	刀尔登
押沙龙	熊培云
押沙龙	宁财神
押沙龙	南方都市报
押沙龙	土家野夫
押沙龙	咆哮女郎柏邦妮
押沙龙	周云蓬
押沙龙	潘采夫
押沙龙	慕容雪村
押沙龙	五岳散人
押沙龙	钱钢
押沙龙	南方人物周刊
押沙龙	飞鱼秀小飞
八八级的赵冬梅	雲中上師
八八级的赵冬梅	东东枪
八八级的赵冬梅	陈尚君的微博
八八级的赵冬梅	老树画画
八八级的赵冬梅	姜鹏_复旦
八八级的赵冬梅	咆哮女郎柏邦妮
八八级的赵冬梅	钱钢
八八级的赵冬梅	许小年
八八级的赵冬梅	于建嵘
小人鱼mayland	FS-_-小飞飞在阿村
小人鱼mayland	Rock咻
小人鱼mayland	yyuiom
小人鱼mayland	土家野夫
小人鱼mayland	方馨2011
小人鱼mayland	金色浪涛
小人鱼mayland	御风而行泠然善也
小人鱼mayland	laviezh-小夏
小人鱼mayland	热血青年威震天
小人鱼mayland	葫芦蜀黍
小人鱼mayland	屋顶上的鬼火
小人鱼mayland	FlorenceXu
沧月	琢磨先生
沧月	张发财
沧月	中国书画艺术
沧月	美国国家地理
沧月	宁财神
沧月	慕容雪村
文一丁_	中国书画艺术
文一丁_	南方都市报
子夏曰	老树画画
子夏曰	仝宗锦
子夏曰	中国书画艺术
子夏曰	粒雯
子夏曰	数学文化
子夏曰	思思DC
子夏曰	BalletCoppelia
子夏曰	许小年
Bradwarden01	lukewarmwater
Bradwarden01	EMC中国研究院
Bradwarden01	薛定谔汤猫
Bradwarden01	deba
Bradwarden01	edwardZq
Bradwarden01	木由言己
Bradwarden01	cobrawing
Bradwarden01	_Ronade
Bradwarden01	金色浪涛
Bradwarden01	里杀
Bradwarden01	乌三顺
Bradwarden01	_老朱
仙姑不是天使	英国那些事儿
仙姑不是天使	FS-_-小飞飞在阿村
仙姑不是天使	琦琦喵喵_猫姐
仙姑不是天使	美国国家地理
仙姑不是天使	薛定谔汤猫
仙姑不是天使	露希雅Kim
仙姑不是天使	昵称有人抢的尼姑
仙姑不是天使	宁财神
仙姑不是天使	Karajam
仙姑不是天使	御风而行泠然善也
仙姑不是天使	laviezh-小夏
仙姑不是天使	葫芦蜀黍
仙姑不是天使	21世纪经济报道
仙姑不是天使	复旦大学
仙姑不是天使	于建嵘
仙姑不是天使	南方人物周刊
张奇FDU	俞老是之
张奇FDU	黄萱菁
张奇FDU	latex2e
张奇FDU	复旦张_军平
张奇FDU	寒冰小白龙
张奇FDU	张栋_机器学习
张奇FDU	加州的好猫
张奇FDU	莺桃小丸子闫-YanYing
张奇FDU	家有猫好
张奇FDU	晒太阳的猫啊
张奇FDU	___pm
张奇FDU	Frank-林锋
张奇FDU	数学文化
张奇FDU	数据堂
张奇FDU	李航博士
张奇FDU	王海勋haixun
张奇FDU	我爱发财小朋友
张奇FDU	复旦大学
张奇FDU	邱锡鹏
张奇FDU	MinqiZhou
张奇FDU	wnqian
春春_大器晚成小狮子	FS-_-小飞飞在阿村
春春_大器晚成小狮子	萍常芯儿
春春_大器晚成小狮子	宁财神
春春_大器晚成小狮子	_Ronade
春春_大器晚成小狮子	Karajam
春春_大器晚成小狮子	御风而行泠然善也
春春_大器晚成小狮子	laviezh-小夏
春春_大器晚成小狮子	_老朱
春春_大器晚成小狮子	FlorenceXu
春春_大器晚成小狮子	许小年
春春_大器晚成小狮子	复旦大学
春春_大器晚成小狮子	wnqian
萍常芯儿	春春_大器晚成小狮子
萍常芯儿	歌之忆
萍常芯儿	数学文化
萍常芯儿	南方人物周刊
guoxintao	东东枪
guoxintao	英国那些事儿
guoxintao	Lens杂志
guoxintao	朱飞达_新加坡管理大学
guoxintao	哈宝八宝
guoxintao	Rock咻
guoxintao	科学松鼠会
guoxintao	麦田里的小狐狸
guoxintao	田艺苗
guoxintao	御风而行泠然善也
guoxintao	企鹅古典音乐
guoxintao	周云蓬
guoxintao	复旦大学
guoxintao	wnqian
EMC中国研究院	陈利人
EMC中国研究院	张栋_机器学习
EMC中国研究院	环球科学杂志社
EMC中国研究院	社会网络与数据挖掘
EMC中国研究院	刘江总编
EMC中国研究院	数据堂
EMC中国研究院	果壳网
带一本书去巴黎	Discovery纪录片
带一本书去巴黎	琢磨先生
带一本书去巴黎	留几手
带一本书去巴黎	老树画画
带一本书去巴黎	科学松鼠会
带一本书去巴黎	中国书画艺术
带一本书去巴黎	刘原
带一本书去巴黎	刀尔登
带一本书去巴黎	熊培云
带一本书去巴黎	沙叶新
带一本书去巴黎	宁财神
带一本书去巴黎	土家野夫
带一本书去巴黎	任晓雯
带一本书去巴黎	五岳散人
带一本书去巴黎	钱钢
带一本书去巴黎	许小年
带一本书去巴黎	贾樟柯
带一本书去巴黎	于建嵘
王小妮	老树画画
王小妮	诗人王寅
王小妮	周云蓬
科学探索	留几手
科学探索	环球科学杂志社
科学探索	科学松鼠会
科学探索	美国国家地理
科学探索	刘江总编
科学探索	YouTube精选
科学探索	王江涛
科学探索	果壳网
laohumike	Discovery纪录片
laohumike	简单很美好
laohumike	老树画画
laohumike	视觉志
laohumike	美国国家地理
laohumike	小屋爱诺诺
laohumike	都市快报
美国国家地理	环球科学杂志社
美国国家地理	科学松鼠会
美国国家地理	科学探索
Sherry_Pot	程程鱼cheng
Sherry_Pot	小丫丫脚
Sherry_Pot	敦敦伟大友谊
Sherry_Pot	王立R9
Sherry_Pot	哈哈越越
Sherry_Pot	YouTube精选
Sherry_Pot	李若玙
Sherry_Pot	yidsumi
Sherry_Pot	欣欣不适合学术
Sherry_Pot	MinqiZhou
Sherry_Pot	wnqian
哈哈越越	_Rhein_
哈哈越越	视觉志
哈哈越越	程程鱼cheng
哈哈越越	小丫丫脚
哈哈越越	敦敦伟大友谊
哈哈越越	王立R9
哈哈越越	社会网络与数据挖掘
哈哈越越	Sherry_Pot
哈哈越越	yidsumi
哈哈越越	欣欣不适合学术
哈哈越越	我爱发财小朋友
哈哈越越	MinqiZhou
哈哈越越	wnqian
歌之忆	张栋_机器学习
歌之忆	朱飞达_新加坡管理大学
歌之忆	包云岗
歌之忆	组合优化与图论
歌之忆	萍常芯儿
歌之忆	刘江总编
歌之忆	数学文化
阿花的伊萨卡岛	鹦鹉史航
阿花的伊萨卡岛	洛之秋
阿花的伊萨卡岛	Lens杂志
阿花的伊萨卡岛	仝宗锦
阿花的伊萨卡岛	于困困
阿花的伊萨卡岛	黄昱宁
阿花的伊萨卡岛	dolce小裁缝
阿花的伊萨卡岛	咆哮女郎柏邦妮
阿花的伊萨卡岛	任晓雯
阿花的伊萨卡岛	潘采夫
阿花的伊萨卡岛	慕容雪村
阿花的伊萨卡岛	五岳散人
阿花的伊萨卡岛	钱钢
阿花的伊萨卡岛	南方人物周刊
阿花的伊萨卡岛	财新新世纪周刊
汪贇	土土allying
汪贇	寒冰小白龙
汪贇	Eileen的又一块奶酪
汪贇	FS-_-小飞飞在阿村
汪贇	阿福fd
汪贇	Rock咻
汪贇	梁勒个斌
汪贇	格格格格格巫
汪贇	edwardZq
汪贇	木由言己
汪贇	圣幻雪_王敏
汪贇	_Ronade
汪贇	方馨2011
汪贇	金色浪涛
汪贇	乌三顺
汪贇	laviezh-小夏
汪贇	_老朱
汪贇	屋顶上的鬼火
汪贇	惜夕西兮的西西
汪贇	复旦大学
汪贇	果壳网
薛定谔汤猫	读库
薛定谔汤猫	英国那些事儿
薛定谔汤猫	鹦鹉史航
薛定谔汤猫	绿袖子蜗牛
薛定谔汤猫	留几手
薛定谔汤猫	Eileen的又一块奶酪
薛定谔汤猫	Lens杂志
薛定谔汤猫	老树画画
薛定谔汤猫	lukewarmwater
薛定谔汤猫	Rock咻
薛定谔汤猫	家有猫好
薛定谔汤猫	艾格吃饱了
薛定谔汤猫	李奕-Graylea
薛定谔汤猫	陈年新米
薛定谔汤猫	科学松鼠会
薛定谔汤猫	___pm
薛定谔汤猫	中国书画艺术
薛定谔汤猫	Bradwarden01
薛定谔汤猫	仙姑不是天使
薛定谔汤猫	张奇FDU
薛定谔汤猫	科学探索
薛定谔汤猫	美国国家地理
薛定谔汤猫	阿花的伊萨卡岛
薛定谔汤猫	刘江总编
薛定谔汤猫	安普若-安校长
薛定谔汤猫	YouTube精选
薛定谔汤猫	盛小雪_
薛定谔汤猫	deba
薛定谔汤猫	麦田里的小狐狸
薛定谔汤猫	edwardZq
薛定谔汤猫	cobrawing
薛定谔汤猫	_Ronade
薛定谔汤猫	Karajam
薛定谔汤猫	方馨2011
薛定谔汤猫	御风而行泠然善也
薛定谔汤猫	正搞搞
薛定谔汤猫	里杀
薛定谔汤猫	虾米音乐
薛定谔汤猫	laviezh-小夏
薛定谔汤猫	_老朱
薛定谔汤猫	热血青年威震天
薛定谔汤猫	葫芦蜀黍
薛定谔汤猫	屋顶上的鬼火
薛定谔汤猫	21世纪经济报道
薛定谔汤猫	贾樟柯
薛定谔汤猫	复旦大学
薛定谔汤猫	邱锡鹏
薛定谔汤猫	wnqian
薛定谔汤猫	财新新世纪周刊
刘江总编	严锋
刘江总编	张发财
刘江总编	赵国栋TMT
刘江总编	留几手
刘江总编	陈利人
刘江总编	老树画画
刘江总编	张栋_机器学习
刘江总编	科学松鼠会
刘江总编	山东行五
刘江总编	子夏曰
刘江总编	EMC中国研究院
刘江总编	科学探索
刘江总编	歌之忆
刘江总编	安普若-安校长
刘江总编	麻省理工科技创业
刘江总编	沙叶新
刘江总编	数学文化
刘江总编	李航博士
刘江总编	秋风论道
刘江总编	企鹅古典音乐
刘江总编	任晓雯
刘江总编	钱钢
刘江总编	许小年
刘江总编	于建嵘
刘江总编	胡宁
刘江总编	南方人物周刊
安普若-安校长	于困困
安普若-安校长	任晓雯
安普若-安校长	许小年
安普若-安校长	于建嵘
YouTube精选	科学松鼠会
YouTube精选	美国国家地理
YouTube精选	宁财神
YouTube精选	南方都市报
YouTube精选	果壳网
YouTube精选	南方人物周刊
xiangnanhe	北冥乘海生
xiangnanhe	张栋_机器学习
xiangnanhe	朱飞达_新加坡管理大学
xiangnanhe	小丫丫脚
xiangnanhe	社会网络与数据挖掘
xiangnanhe	李若玙
xiangnanhe	yidsumi
xiangnanhe	数据堂
xiangnanhe	欣欣不适合学术
xiangnanhe	李航博士
xiangnanhe	王海勋haixun
xiangnanhe	我爱发财小朋友
xiangnanhe	MinqiZhou
xiangnanhe	胡宁
xiangnanhe	wnqian
盛小雪_	严锋
盛小雪_	上海译文
盛小雪_	Lens杂志
盛小雪_	老树画画
盛小雪_	艾格吃饱了
盛小雪_	东方早报上海书评
盛小雪_	科学松鼠会
盛小雪_	中国书画艺术
盛小雪_	史学理论陈新
盛小雪_	薛定谔汤猫
盛小雪_	昵称有人抢的尼姑
盛小雪_	Karajam
盛小雪_	屋顶上的鬼火
盛小雪_	复旦大学
盛小雪_	果壳网
慕小容_SUA	琢磨先生
慕小容_SUA	读库
慕小容_SUA	视觉志
慕小容_SUA	科学松鼠会
慕小容_SUA	科学探索
慕小容_SUA	YouTube精选
慕小容_SUA	南方都市报
慕小容_SUA	复旦大学
慕小容_SUA	南方人物周刊
刘原	琢磨先生
刘原	张发财
刘原	东东枪
刘原	押沙龙
刘原	熊培云
刘原	沙叶新
刘原	南方都市报
刘原	土家野夫
刘原	任晓雯
刘原	潘采夫
刘原	慕容雪村
刘原	五岳散人
刘原	许小年
刘原	于建嵘
北堂有萱	张发财
北堂有萱	东东枪
北堂有萱	英国那些事儿
北堂有萱	吳念真老先生
北堂有萱	科学松鼠会
北堂有萱	押沙龙
北堂有萱	安普若-安校长
北堂有萱	YouTube精选
北堂有萱	南方都市报
北堂有萱	BalletCoppelia
北堂有萱	21世纪经济报道
北堂有萱	慕容雪村
北堂有萱	于建嵘
北堂有萱	财经杂志
deba	严锋
deba	读库
deba	陈尚君的微博
deba	留几手
deba	Eileen的又一块奶酪
deba	lukewarmwater
deba	Miyako蓉儿
deba	艾格吃饱了
deba	刽子手芳树
deba	Bradwarden01
deba	薛定谔汤猫
deba	edwardZq
deba	宁财神
deba	木由言己
deba	cobrawing
deba	蔚微澜
deba	金雪丹
deba	_Ronade
deba	方馨2011
deba	金色浪涛
deba	正搞搞
deba	里杀
deba	乌三顺
deba	_老朱
deba	任晓雯
deba	孙孟晋
deba	优笛
Frank-林锋	俞老是之
Frank-林锋	黄萱菁
Frank-林锋	寒冰小白龙
Frank-林锋	张栋_机器学习
Frank-林锋	加州的好猫
Frank-林锋	家有猫好
Frank-林锋	科学松鼠会
Frank-林锋	___pm
Frank-林锋	张奇FDU
Frank-林锋	麻省理工科技创业
Frank-林锋	李航博士
Frank-林锋	我爱发财小朋友
Frank-林锋	复旦大学
Frank-林锋	邱锡鹏
Frank-林锋	wnqian
老董懂不懂	赵国栋TMT
老董懂不懂	留几手
老董懂不懂	陈利人
老董懂不懂	张栋_机器学习
老董懂不懂	押沙龙
老董懂不懂	EMC中国研究院
老董懂不懂	刘江总编
老董懂不懂	倪三金
老董懂不懂	数据堂
老董懂不懂	果壳网
黄昱宁	杨早
黄昱宁	严锋
黄昱宁	琢磨先生
黄昱宁	张发财
黄昱宁	东东枪
黄昱宁	读库
黄昱宁	鹦鹉史航
黄昱宁	上海译文
黄昱宁	洛之秋
黄昱宁	于困困
黄昱宁	诗人王寅
黄昱宁	东方早报上海书评
黄昱宁	理论车间后门
黄昱宁	花伦w
黄昱宁	押沙龙
黄昱宁	阿花的伊萨卡岛
黄昱宁	安普若-安校长
黄昱宁	姜鹏_复旦
黄昱宁	dolce小裁缝
黄昱宁	沙叶新
黄昱宁	田艺苗
黄昱宁	宁财神
黄昱宁	洁尘
黄昱宁	土家野夫
黄昱宁	任晓雯
黄昱宁	孙孟晋
黄昱宁	潘采夫
黄昱宁	慕容雪村
黄昱宁	五岳散人
黄昱宁	贾樟柯
刀尔登	杨早
刀尔登	读库
刀尔登	鹦鹉史航
刀尔登	科学松鼠会
刀尔登	美国国家地理
刀尔登	土家野夫
刀尔登	羽戈
刀尔登	慕容雪村
刀尔登	五岳散人
刀尔登	财新新世纪周刊
麻省理工科技创业	张栋_机器学习
麻省理工科技创业	刘江总编
麻省理工科技创业	21世纪经济报道
麻省理工科技创业	复旦大学
麻省理工科技创业	果壳网
麻省理工科技创业	财经杂志
熊培云	鹦鹉史航
熊培云	押沙龙
熊培云	粒雯
熊培云	展江
熊培云	dolce小裁缝
熊培云	土家野夫
熊培云	李冬君
熊培云	周云蓬
熊培云	任晓雯
熊培云	潘采夫
熊培云	慕容雪村
熊培云	钱钢
熊培云	许小年
熊培云	于建嵘
麦田里的小狐狸	社会学谢宇
麦田里的小狐狸	哈宝八宝
麦田里的小狐狸	SophiaX百足不僵
麦田里的小狐狸	琦琦喵喵_猫姐
麦田里的小狐狸	李奕-Graylea
麦田里的小狐狸	科学松鼠会
麦田里的小狐狸	仙姑不是天使
麦田里的小狐狸	guoxintao
麦田里的小狐狸	美国国家地理
麦田里的小狐狸	薛定谔汤猫
麦田里的小狐狸	YouTube精选
麦田里的小狐狸	盛小雪_
麦田里的小狐狸	露希雅Kim
麦田里的小狐狸	昵称有人抢的尼姑
麦田里的小狐狸	宁财神
麦田里的小狐狸	Karajam
麦田里的小狐狸	laviezh-小夏
麦田里的小狐狸	企鹅古典音乐
麦田里的小狐狸	许小年
麦田里的小狐狸	复旦大学
麦田里的小狐狸	果壳网
麦田里的小狐狸	南方人物周刊
粒雯	琢磨先生
粒雯	读库
粒雯	洛之秋
粒雯	Lens杂志
粒雯	老树画画
粒雯	张栋_机器学习
粒雯	诗人王寅
粒雯	视觉志
粒雯	吳念真老先生
粒雯	科学松鼠会
粒雯	中国书画艺术
粒雯	子夏曰
粒雯	麻省理工科技创业
粒雯	熊培云
粒雯	思思DC
粒雯	21世纪经济报道
粒雯	任晓雯
粒雯	慕容雪村
粒雯	财经杂志
展江	仝宗锦
展江	熊培云
展江	沙叶新
展江	宁财神
展江	南方都市报
展江	土家野夫
展江	潘采夫
展江	慕容雪村
展江	五岳散人
展江	钱钢
展江	许小年
展江	于建嵘
展江	财新新世纪周刊
倪三金	张栋_机器学习
倪三金	EMC中国研究院
倪三金	老董懂不懂
倪三金	麻省理工科技创业
倪三金	数学文化
倪三金	复旦大学
倪三金	果壳网
wawayuer	寒冰小白龙
wawayuer	美国国家地理
wawayuer	yidsumi
wawayuer	我爱发财小朋友
wawayuer	MinqiZhou
wawayuer	wnqian
唐贤兴	严锋
唐贤兴	仝宗锦
唐贤兴	何其有幸9
唐贤兴	李冬君
唐贤兴	复旦大学
唐贤兴	于建嵘
姜鹏_复旦	严锋
姜鹏_复旦	Bing周兵
姜鹏_复旦	陈尚君的微博
姜鹏_复旦	北冥乘海生
姜鹏_复旦	史学理论陈新
姜鹏_复旦	八八级的赵冬梅
姜鹏_复旦	黄昱宁
姜鹏_复旦	复旦大学
李炎_诸行无常	latex2e
李炎_诸行无常	唐宋_彭超
dolce小裁缝	杨早
dolce小裁缝	严锋
dolce小裁缝	鹦鹉史航
dolce小裁缝	Lens杂志
dolce小裁缝	仝宗锦
dolce小裁缝	于困困
dolce小裁缝	诗人王寅
dolce小裁缝	阿花的伊萨卡岛
dolce小裁缝	黄昱宁
dolce小裁缝	熊培云
dolce小裁缝	素不素不
dolce小裁缝	田艺苗
dolce小裁缝	咆哮女郎柏邦妮
dolce小裁缝	企鹅古典音乐
dolce小裁缝	孙孟晋
dolce小裁缝	潘采夫
闪闪的闪闪	留几手
闪闪的闪闪	科学松鼠会
闪闪的闪闪	cobrawing
闪闪的闪闪	21世纪经济报道
闪闪的闪闪	果壳网
edwardZq	陈尚君的微博
edwardZq	绿袖子蜗牛
edwardZq	寒冰小白龙
edwardZq	Eileen的又一块奶酪
edwardZq	FS-_-小飞飞在阿村
edwardZq	lukewarmwater
edwardZq	___pm
edwardZq	格格格格格巫
edwardZq	子夏曰
edwardZq	Bradwarden01
edwardZq	EMC中国研究院
edwardZq	薛定谔汤猫
edwardZq	deba
edwardZq	姜鹏_复旦
edwardZq	木由言己
edwardZq	cobrawing
edwardZq	圣幻雪_王敏
edwardZq	蔚微澜
edwardZq	金雪丹
edwardZq	_Ronade
edwardZq	方馨2011
edwardZq	金色浪涛
edwardZq	御风而行泠然善也
edwardZq	正搞搞
edwardZq	里杀
edwardZq	乌三顺
edwardZq	laviezh-小夏
edwardZq	_老朱
edwardZq	热血青年威震天
edwardZq	葫芦蜀黍
edwardZq	屋顶上的鬼火
edwardZq	许小年
edwardZq	邱锡鹏
edwardZq	于建嵘
edwardZq	果壳网
露希雅Kim	FS-_-小飞飞在阿村
露希雅Kim	琦琦喵喵_猫姐
露希雅Kim	李奕-Graylea
露希雅Kim	仙姑不是天使
露希雅Kim	麦田里的小狐狸
露希雅Kim	昵称有人抢的尼姑
露希雅Kim	Karajam
露希雅Kim	御风而行泠然善也
露希雅Kim	许小年
露希雅Kim	复旦大学
圆圆茹比特	琢磨先生
圆圆茹比特	待到烟花烂漫时
圆圆茹比特	里杀
Lynette_L	复旦大学
哧痴	Discovery纪录片
哧痴	东东枪
哧痴	洛之秋
哧痴	理论车间后门
哧痴	中国书画艺术
哧痴	安普若-安校长
哧痴	姜鹏_复旦
哧痴	数学文化
哧痴	钱钢
哧痴	许小年
哧痴	复旦大学
哧痴	于建嵘
哧痴	果壳网
哧痴	飞鱼秀喻舟
哧痴	飞鱼秀小飞
李若玙	_Rhein_
李若玙	张栋_机器学习
李若玙	敦敦伟大友谊
李若玙	社会网络与数据挖掘
李若玙	科学松鼠会
李若玙	子夏曰
李若玙	EMC中国研究院
李若玙	美国国家地理
李若玙	哈哈越越
李若玙	YouTube精选
李若玙	xiangnanhe
李若玙	数学文化
李若玙	yidsumi
李若玙	数据堂
李若玙	欣欣不适合学术
李若玙	李航博士
李若玙	屋顶上的鬼火
李若玙	都市快报
李若玙	王海勋haixun
李若玙	慕容雪村
李若玙	我爱发财小朋友
李若玙	钱钢
李若玙	贾樟柯
李若玙	复旦大学
李若玙	邱锡鹏
李若玙	MinqiZhou
李若玙	果壳网
李若玙	胡宁
李若玙	黄宇凯
李若玙	wnqian
素不素不	杨早
素不素不	严锋
素不素不	琢磨先生
素不素不	读库
素不素不	鹦鹉史航
素不素不	留几手
素不素不	洛之秋
素不素不	Lens杂志
素不素不	老树画画
素不素不	于困困
素不素不	诗人王寅
素不素不	视觉志
素不素不	莫逆的微博
素不素不	理论车间后门
素不素不	科学松鼠会
素不素不	中国书画艺术
素不素不	美国国家地理
素不素不	熊培云
素不素不	粒雯
素不素不	dolce小裁缝
素不素不	咆哮女郎柏邦妮
素不素不	虾米音乐
素不素不	孙孟晋
素不素不	慕容雪村
素不素不	许小年
杨小兔tutu	曾庆云Krice
杨小兔tutu	FlorenceXu
沙叶新	土家野夫
沈漂漂将军	琢磨先生
沈漂漂将军	他回精神病院了
沈漂漂将军	留几手
沈漂漂将军	老树画画
沈漂漂将军	理论车间后门
沈漂漂将军	宁财神
沈漂漂将军	南方都市报
沈漂漂将军	钱钢
沈漂漂将军	许小年
沈漂漂将军	贾樟柯
周欣悦_中大心理系	杨早
周欣悦_中大心理系	严锋
周欣悦_中大心理系	东东枪
周欣悦_中大心理系	大脸撑在小胸
周欣悦_中大心理系	环球科学杂志社
周欣悦_中大心理系	科学松鼠会
周欣悦_中大心理系	美国国家地理
周欣悦_中大心理系	复旦大学
周欣悦_中大心理系	果壳网
昵称有人抢的尼姑	FS-_-小飞飞在阿村
昵称有人抢的尼姑	琦琦喵喵_猫姐
昵称有人抢的尼姑	李奕-Graylea
昵称有人抢的尼姑	仙姑不是天使
昵称有人抢的尼姑	盛小雪_
昵称有人抢的尼姑	麦田里的小狐狸
昵称有人抢的尼姑	露希雅Kim
昵称有人抢的尼姑	Karajam
昵称有人抢的尼姑	御风而行泠然善也
田艺苗	Discovery纪录片
田艺苗	严锋
田艺苗	读库
田艺苗	鹦鹉史航
田艺苗	上海译文
田艺苗	留几手
田艺苗	洛之秋
田艺苗	Lens杂志
田艺苗	于困困
田艺苗	诗人王寅
田艺苗	视觉志
田艺苗	莫逆的微博
田艺苗	东方早报上海书评
田艺苗	理论车间后门
田艺苗	科学松鼠会
田艺苗	沧月
田艺苗	美国国家地理
田艺苗	YouTube精选
田艺苗	黄昱宁
田艺苗	熊培云
田艺苗	dolce小裁缝
田艺苗	宁财神
田艺苗	南方都市报
田艺苗	洁尘
田艺苗	土家野夫
田艺苗	咆哮女郎柏邦妮
田艺苗	企鹅古典音乐
田艺苗	周云蓬
田艺苗	21世纪经济报道
田艺苗	任晓雯
田艺苗	加菲众
田艺苗	孙孟晋
田艺苗	慕容雪村
田艺苗	南方人物周刊
数学文化	张栋_机器学习
数学文化	环球科学杂志社
数学文化	科学松鼠会
数学文化	组合优化与图论
数学文化	歌之忆
数学文化	刘江总编
数学文化	数据堂
数学文化	李航博士
数学文化	加菲众
数学文化	果壳网
小屋爱诺诺	简单很美好
小屋爱诺诺	留几手
小屋爱诺诺	laohumike
小屋爱诺诺	都市快报
小屋爱诺诺	南方人物周刊
宁财神	杨早
宁财神	Discovery纪录片
宁财神	严锋
宁财神	张发财
宁财神	东东枪
宁财神	读库
宁财神	他回精神病院了
宁财神	鹦鹉史航
宁财神	仝宗锦
宁财神	于困困
宁财神	艾格吃饱了
宁财神	沧月
宁财神	YouTube精选
宁财神	土家野夫
宁财神	咆哮女郎柏邦妮
宁财神	周云蓬
宁财神	孙孟晋
宁财神	潘采夫
宁财神	慕容雪村
宁财神	钱钢
宁财神	贾樟柯
宁财神	果壳网
木由言己	琢磨先生
木由言己	绿袖子蜗牛
木由言己	Eileen的又一块奶酪
木由言己	FS-_-小飞飞在阿村
木由言己	lukewarmwater
木由言己	Rock咻
木由言己	格格格格格巫
木由言己	刽子手芳树
木由言己	Bradwarden01
木由言己	汪贇
木由言己	薛定谔汤猫
木由言己	deba
木由言己	edwardZq
木由言己	圣幻雪_王敏
木由言己	蔚微澜
木由言己	金雪丹
木由言己	_Ronade
木由言己	fryicecream
木由言己	方馨2011
木由言己	金色浪涛
木由言己	御风而行泠然善也
木由言己	正搞搞
木由言己	里杀
木由言己	乌三顺
木由言己	laviezh-小夏
木由言己	_老朱
木由言己	热血青年威震天
木由言己	葫芦蜀黍
木由言己	屋顶上的鬼火
木由言己	果壳网
cobrawing	绿袖子蜗牛
cobrawing	lukewarmwater
cobrawing	艾格吃饱了
cobrawing	科学松鼠会
cobrawing	Bradwarden01
cobrawing	薛定谔汤猫
cobrawing	deba
cobrawing	闪闪的闪闪
cobrawing	edwardZq
cobrawing	宁财神
cobrawing	蔚微澜
cobrawing	金雪丹
cobrawing	_Ronade
cobrawing	方馨2011
cobrawing	正搞搞
cobrawing	里杀
cobrawing	_老朱
cobrawing	屋顶上的鬼火
cobrawing	我爱发财小朋友
cobrawing	复旦大学
cobrawing	果壳网
cobrawing	优笛
南方都市报	YouTube精选
南方都市报	展江
南方都市报	都市快报
南方都市报	21世纪经济报道
南方都市报	五岳散人
南方都市报	于建嵘
南方都市报	南方人物周刊
思思DC	子夏曰
思思DC	粒雯
洁尘	琢磨先生
洁尘	张发财
洁尘	上海译文
洁尘	老树画画
洁尘	诗人王寅
洁尘	吳念真老先生
洁尘	黄昱宁
洁尘	田艺苗
洁尘	土家野夫
洁尘	任晓雯
洁尘	慕容雪村
洁尘	贾樟柯
洁尘	南方人物周刊
yidsumi	北冥乘海生
yidsumi	朱飞达_新加坡管理大学
yidsumi	程程鱼cheng
yidsumi	莺桃小丸子闫-YanYing
yidsumi	acmwwy
yidsumi	王立R9
yidsumi	Sherry_Pot
yidsumi	哈哈越越
yidsumi	xiangnanhe
yidsumi	wawayuer
yidsumi	dao_tao
yidsumi	蓓儿
yidsumi	王海勋haixun
yidsumi	我爱发财小朋友
yidsumi	MinqiZhou
yidsumi	胡麻好种无人种
yidsumi	黄宇凯
yidsumi	wnqian
土家野夫	严锋
土家野夫	东东枪
土家野夫	他回精神病院了
土家野夫	韩涵涵
土家野夫	于困困
土家野夫	押沙龙
土家野夫	刘原
土家野夫	黄昱宁
土家野夫	刀尔登
土家野夫	熊培云
土家野夫	展江
土家野夫	沙叶新
土家野夫	宁财神
土家野夫	洁尘
土家野夫	李冬君
土家野夫	秋风论道
土家野夫	咆哮女郎柏邦妮
土家野夫	周云蓬
土家野夫	假装是华侨
土家野夫	任晓雯
土家野夫	潘采夫
土家野夫	慕容雪村
土家野夫	五岳散人
土家野夫	钱钢
土家野夫	于建嵘
土家野夫	南方人物周刊
数据堂	黄萱菁
数据堂	赵国栋TMT
数据堂	复旦张_军平
数据堂	snowland
数据堂	张栋_机器学习
数据堂	包云岗
数据堂	社会网络与数据挖掘
数据堂	科学松鼠会
数据堂	EMC中国研究院
数据堂	数学文化
数据堂	李航博士
数据堂	21世纪经济报道
数据堂	王海勋haixun
数据堂	邱锡鹏
数据堂	胡宁
数据堂	wnqian
圣幻雪_王敏	留几手
圣幻雪_王敏	FS-_-小飞飞在阿村
圣幻雪_王敏	Bradwarden01
圣幻雪_王敏	汪贇
圣幻雪_王敏	edwardZq
圣幻雪_王敏	木由言己
圣幻雪_王敏	金色浪涛
圣幻雪_王敏	里杀
圣幻雪_王敏	乌三顺
圣幻雪_王敏	laviezh-小夏
圣幻雪_王敏	_老朱
蔚微澜	视觉志
蔚微澜	宁财神
蔚微澜	木由言己
蔚微澜	cobrawing
蔚微澜	_Ronade
蔚微澜	金色浪涛
蔚微澜	正搞搞
蔚微澜	里杀
蔚微澜	乌三顺
蔚微澜	果壳网
dao_tao	黄萱菁
dao_tao	张栋_机器学习
dao_tao	科学松鼠会
dao_tao	yidsumi
dao_tao	邱锡鹏
dao_tao	MinqiZhou
dao_tao	果壳网
dao_tao	wnqian
欣欣不适合学术	琢磨先生
欣欣不适合学术	张发财
欣欣不适合学术	东东枪
欣欣不适合学术	他回精神病院了
欣欣不适合学术	北冥乘海生
欣欣不适合学术	_Rhein_
欣欣不适合学术	朱飞达_新加坡管理大学
欣欣不适合学术	卡拉OK统计学家
欣欣不适合学术	程程鱼cheng
欣欣不适合学术	小丫丫脚
欣欣不适合学术	敦敦伟大友谊
欣欣不适合学术	王立R9
欣欣不适合学术	社会网络与数据挖掘
欣欣不适合学术	科学松鼠会
欣欣不适合学术	Sherry_Pot
欣欣不适合学术	哈哈越越
欣欣不适合学术	麻省理工科技创业
欣欣不适合学术	熊培云
欣欣不适合学术	李若玙
欣欣不适合学术	宁财神
欣欣不适合学术	南方都市报
欣欣不适合学术	土家野夫
欣欣不适合学术	王海勋haixun
欣欣不适合学术	慕容雪村
欣欣不适合学术	钱钢
欣欣不适合学术	许小年
欣欣不适合学术	贾樟柯
欣欣不适合学术	MinqiZhou
欣欣不适合学术	胡麻好种无人种
欣欣不适合学术	于建嵘
欣欣不适合学术	wnqian
Blueicev	Discovery纪录片
Blueicev	上海译文
Blueicev	仝宗锦
Blueicev	视觉志
Blueicev	科学松鼠会
Blueicev	dolce小裁缝
Blueicev	田艺苗
Blueicev	企鹅古典音乐
Blueicev	许小年
金雪丹	lukewarmwater
金雪丹	格格格格格巫
金雪丹	刽子手芳树
金雪丹	deba
金雪丹	edwardZq
金雪丹	木由言己
金雪丹	cobrawing
金雪丹	蔚微澜
金雪丹	_Ronade
金雪丹	方馨2011
金雪丹	金色浪涛
金雪丹	里杀
金雪丹	乌三顺
金雪丹	_老朱
金雪丹	复旦大学
BalletCoppelia	留几手
BalletCoppelia	老树画画
BalletCoppelia	理论车间后门
BalletCoppelia	花伦w
BalletCoppelia	山东行五
BalletCoppelia	子夏曰
BalletCoppelia	北堂有萱
BalletCoppelia	许小年
蓓儿	Shanny的微博
蓓儿	莺桃小丸子闫-YanYing
蓓儿	___pm
蓓儿	宁财神
蓓儿	yidsumi
蓓儿	MinqiZhou
蓓儿	胡麻好种无人种
蓓儿	wnqian
李冬君	杨早
李冬君	老树画画
李冬君	山东行五
李冬君	熊培云
李冬君	唐贤兴
李冬君	土家野夫
李冬君	秋风论道
李冬君	潘采夫
李冬君	羽戈
李冬君	钱钢
_Ronade	绿袖子蜗牛
_Ronade	Eileen的又一块奶酪
_Ronade	打酱油的芥末
_Ronade	FS-_-小飞飞在阿村
_Ronade	lukewarmwater
_Ronade	格格格格格巫
_Ronade	刽子手芳树
_Ronade	Bradwarden01
_Ronade	汪贇
_Ronade	薛定谔汤猫
_Ronade	deba
_Ronade	edwardZq
_Ronade	木由言己
_Ronade	cobrawing
_Ronade	蔚微澜
_Ronade	金雪丹
_Ronade	方馨2011
_Ronade	金色浪涛
_Ronade	待到烟花烂漫时
_Ronade	正搞搞
_Ronade	里杀
_Ronade	乌三顺
_Ronade	laviezh-小夏
_Ronade	_老朱
_Ronade	热血青年威震天
_Ronade	葫芦蜀黍
_Ronade	屋顶上的鬼火
_Ronade	复旦大学
fryicecream	木由言己
fryicecream	金色浪涛
fryicecream	乌三顺
Karajam	英国那些事儿
Karajam	复旦张_军平
Karajam	Lens杂志
Karajam	打酱油的芥末
Karajam	视觉志
Karajam	Miyako蓉儿
Karajam	琦琦喵喵_猫姐
Karajam	李奕-Graylea
Karajam	仙姑不是天使
Karajam	美国国家地理
Karajam	薛定谔汤猫
Karajam	盛小雪_
Karajam	麦田里的小狐狸
Karajam	露希雅Kim
Karajam	昵称有人抢的尼姑
Karajam	御风而行泠然善也
Karajam	laviezh-小夏
Karajam	热血青年威震天
Karajam	复旦大学
李航博士	黄萱菁
李航博士	北冥乘海生
李航博士	复旦张_军平
李航博士	鲁东东胖
李航博士	陈利人
李航博士	张栋_机器学习
李航博士	社会网络与数据挖掘
李航博士	张奇FDU
李航博士	刘江总编
李航博士	麻省理工科技创业
李航博士	数学文化
李航博士	王海勋haixun
方馨2011	绿袖子蜗牛
方馨2011	Eileen的又一块奶酪
方馨2011	FS-_-小飞飞在阿村
方馨2011	lukewarmwater
方馨2011	阿福fd
方馨2011	Rock咻
方馨2011	格格格格格巫
方馨2011	小人鱼mayland
方馨2011	汪贇
方馨2011	薛定谔汤猫
方馨2011	deba
方馨2011	edwardZq
方馨2011	宁财神
方馨2011	木由言己
方馨2011	cobrawing
方馨2011	金雪丹
方馨2011	_Ronade
方馨2011	金色浪涛
方馨2011	御风而行泠然善也
方馨2011	正搞搞
方馨2011	里杀
方馨2011	乌三顺
方馨2011	laviezh-小夏
方馨2011	_老朱
方馨2011	热血青年威震天
方馨2011	葫芦蜀黍
方馨2011	屋顶上的鬼火
方馨2011	于建嵘
方馨2011	优笛
金色浪涛	绿袖子蜗牛
金色浪涛	Eileen的又一块奶酪
金色浪涛	打酱油的芥末
金色浪涛	FS-_-小飞飞在阿村
金色浪涛	lukewarmwater
金色浪涛	Rock咻
金色浪涛	格格格格格巫
金色浪涛	刽子手芳树
金色浪涛	小人鱼mayland
金色浪涛	Bradwarden01
金色浪涛	汪贇
金色浪涛	deba
金色浪涛	edwardZq
金色浪涛	木由言己
金色浪涛	圣幻雪_王敏
金色浪涛	蔚微澜
金色浪涛	金雪丹
金色浪涛	_Ronade
金色浪涛	fryicecream
金色浪涛	方馨2011
金色浪涛	正搞搞
金色浪涛	里杀
金色浪涛	乌三顺
金色浪涛	laviezh-小夏
金色浪涛	_老朱
金色浪涛	热血青年威震天
金色浪涛	葫芦蜀黍
金色浪涛	屋顶上的鬼火
金色浪涛	复旦大学
金色浪涛	wnqian
金色浪涛	优笛
御风而行泠然善也	绿袖子蜗牛
御风而行泠然善也	Eileen的又一块奶酪
御风而行泠然善也	FS-_-小飞飞在阿村
御风而行泠然善也	Rock咻
御风而行泠然善也	中国书画艺术
御风而行泠然善也	小人鱼mayland
御风而行泠然善也	仙姑不是天使
御风而行泠然善也	春春_大器晚成小狮子
御风而行泠然善也	guoxintao
御风而行泠然善也	薛定谔汤猫
御风而行泠然善也	YouTube精选
御风而行泠然善也	edwardZq
御风而行泠然善也	露希雅Kim
御风而行泠然善也	昵称有人抢的尼姑
御风而行泠然善也	木由言己
御风而行泠然善也	Karajam
御风而行泠然善也	方馨2011
御风而行泠然善也	乌三顺
御风而行泠然善也	laviezh-小夏
御风而行泠然善也	葫芦蜀黍
御风而行泠然善也	屋顶上的鬼火
御风而行泠然善也	FlorenceXu
御风而行泠然善也	许小年
御风而行泠然善也	复旦大学
御风而行泠然善也	优笛
御风而行泠然善也	财经杂志
秋风论道	严锋
秋风论道	仝宗锦
秋风论道	花伦w
秋风论道	中国书画艺术
秋风论道	史学理论陈新
秋风论道	山东行五
秋风论道	土家野夫
秋风论道	李冬君
秋风论道	钱钢
秋风论道	于建嵘
待到烟花烂漫时	留几手
待到烟花烂漫时	圆圆茹比特
待到烟花烂漫时	蔚微澜
待到烟花烂漫时	_Ronade
待到烟花烂漫时	里杀
正搞搞	严锋
正搞搞	小鹿蠕蠕
正搞搞	勤奋戈薇
正搞搞	张发财
正搞搞	东东枪
正搞搞	读库
正搞搞	我们1班
正搞搞	绿袖子蜗牛
正搞搞	AliCia_Nyi
正搞搞	Eileen的又一块奶酪
正搞搞	Lens杂志
正搞搞	老树画画
正搞搞	于困困
正搞搞	lukewarmwater
正搞搞	艾格吃饱了
正搞搞	科学松鼠会
正搞搞	Bradwarden01
正搞搞	薛定谔汤猫
正搞搞	deba
正搞搞	edwardZq
正搞搞	木由言己
正搞搞	cobrawing
正搞搞	蔚微澜
正搞搞	_Ronade
正搞搞	方馨2011
正搞搞	金色浪涛
正搞搞	里杀
正搞搞	乌三顺
正搞搞	laviezh-小夏
正搞搞	_老朱
正搞搞	屋顶上的鬼火
正搞搞	潘采夫
正搞搞	贾樟柯
正搞搞	果壳网
正搞搞	财经杂志
Ruka哥	打酱油的芥末
Ruka哥	强子文身
Ruka哥	科学松鼠会
Ruka哥	美国国家地理
Ruka哥	dao_tao
Ruka哥	惜夕西兮的西西
Ruka哥	复旦大学
里杀	严锋
里杀	琢磨先生
里杀	张发财
里杀	东东枪
里杀	留几手
里杀	老树画画
里杀	lukewarmwater
里杀	艾格吃饱了
里杀	刽子手芳树
里杀	押沙龙
里杀	Bradwarden01
里杀	薛定谔汤猫
里杀	deba
里杀	edwardZq
里杀	圆圆茹比特
里杀	木由言己
里杀	cobrawing
里杀	南方都市报
里杀	蔚微澜
里杀	金雪丹
里杀	_Ronade
里杀	方馨2011
里杀	金色浪涛
里杀	待到烟花烂漫时
里杀	正搞搞
里杀	咆哮女郎柏邦妮
里杀	乌三顺
里杀	_老朱
里杀	飞鱼秀喻舟
Fake君	东东枪
Fake君	留几手
Fake君	科学松鼠会
Fake君	财新新世纪周刊
咆哮女郎柏邦妮	杨早
咆哮女郎柏邦妮	严锋
咆哮女郎柏邦妮	琢磨先生
咆哮女郎柏邦妮	东东枪
咆哮女郎柏邦妮	读库
咆哮女郎柏邦妮	我们1班
咆哮女郎柏邦妮	他回精神病院了
咆哮女郎柏邦妮	鹦鹉史航
咆哮女郎柏邦妮	洛之秋
咆哮女郎柏邦妮	Lens杂志
咆哮女郎柏邦妮	老树画画
咆哮女郎柏邦妮	诗人王寅
咆哮女郎柏邦妮	莫逆的微博
咆哮女郎柏邦妮	吳念真老先生
咆哮女郎柏邦妮	朵姑娘儿
咆哮女郎柏邦妮	科学松鼠会
咆哮女郎柏邦妮	押沙龙
咆哮女郎柏邦妮	阿花的伊萨卡岛
咆哮女郎柏邦妮	刘原
咆哮女郎柏邦妮	刀尔登
咆哮女郎柏邦妮	熊培云
咆哮女郎柏邦妮	dolce小裁缝
咆哮女郎柏邦妮	宁财神
咆哮女郎柏邦妮	南方都市报
咆哮女郎柏邦妮	洁尘
咆哮女郎柏邦妮	土家野夫
咆哮女郎柏邦妮	虾米音乐
咆哮女郎柏邦妮	任晓雯
咆哮女郎柏邦妮	加菲众
咆哮女郎柏邦妮	孙孟晋
咆哮女郎柏邦妮	潘采夫
咆哮女郎柏邦妮	慕容雪村
咆哮女郎柏邦妮	贾樟柯
咆哮女郎柏邦妮	果壳网
咆哮女郎柏邦妮	南方人物周刊
虾米音乐	科学松鼠会
虾米音乐	曹方Icy
虾米音乐	咆哮女郎柏邦妮
虾米音乐	果壳网
乌三顺	严锋
乌三顺	东东枪
乌三顺	我们1班
乌三顺	鹦鹉史航
乌三顺	绿袖子蜗牛
乌三顺	留几手
乌三顺	Eileen的又一块奶酪
乌三顺	打酱油的芥末
乌三顺	FS-_-小飞飞在阿村
乌三顺	lukewarmwater
乌三顺	Rock咻
乌三顺	强子文身
乌三顺	科学松鼠会
乌三顺	___pm
乌三顺	刽子手芳树
乌三顺	Bradwarden01
乌三顺	汪贇
乌三顺	薛定谔汤猫
乌三顺	安普若-安校长
乌三顺	刘原
乌三顺	deba
乌三顺	edwardZq
乌三顺	宁财神
乌三顺	木由言己
乌三顺	圣幻雪_王敏
乌三顺	蔚微澜
乌三顺	金雪丹
乌三顺	_Ronade
乌三顺	fryicecream
乌三顺	方馨2011
乌三顺	金色浪涛
乌三顺	御风而行泠然善也
乌三顺	正搞搞
乌三顺	里杀
乌三顺	咆哮女郎柏邦妮
乌三顺	laviezh-小夏
乌三顺	_老朱
乌三顺	热血青年威震天
乌三顺	葫芦蜀黍
乌三顺	屋顶上的鬼火
乌三顺	五岳散人
乌三顺	钱钢
乌三顺	邱锡鹏
乌三顺	果壳网
乌三顺	优笛
乌三顺	南方人物周刊
laviezh-小夏	latex2e
laviezh-小夏	绿袖子蜗牛
laviezh-小夏	Eileen的又一块奶酪
laviezh-小夏	打酱油的芥末
laviezh-小夏	FS-_-小飞飞在阿村
laviezh-小夏	Rock咻
laviezh-小夏	Miyako蓉儿
laviezh-小夏	琦琦喵喵_猫姐
laviezh-小夏	科学松鼠会
laviezh-小夏	___pm
laviezh-小夏	小人鱼mayland
laviezh-小夏	仙姑不是天使
laviezh-小夏	春春_大器晚成小狮子
laviezh-小夏	汪贇
laviezh-小夏	薛定谔汤猫
laviezh-小夏	麦田里的小狐狸
laviezh-小夏	edwardZq
laviezh-小夏	宁财神
laviezh-小夏	木由言己
laviezh-小夏	圣幻雪_王敏
laviezh-小夏	_Ronade
laviezh-小夏	Karajam
laviezh-小夏	方馨2011
laviezh-小夏	金色浪涛
laviezh-小夏	御风而行泠然善也
laviezh-小夏	正搞搞
laviezh-小夏	乌三顺
laviezh-小夏	_老朱
laviezh-小夏	热血青年威震天
laviezh-小夏	葫芦蜀黍
laviezh-小夏	屋顶上的鬼火
laviezh-小夏	惜夕西兮的西西
laviezh-小夏	FlorenceXu
laviezh-小夏	许小年
laviezh-小夏	优笛
_老朱	绿袖子蜗牛
_老朱	Eileen的又一块奶酪
_老朱	打酱油的芥末
_老朱	FS-_-小飞飞在阿村
_老朱	lukewarmwater
_老朱	Rock咻
_老朱	Bradwarden01
_老朱	春春_大器晚成小狮子
_老朱	汪贇
_老朱	薛定谔汤猫
_老朱	安普若-安校长
_老朱	deba
_老朱	edwardZq
_老朱	沙叶新
_老朱	宁财神
_老朱	木由言己
_老朱	cobrawing
_老朱	南方都市报
_老朱	圣幻雪_王敏
_老朱	蔚微澜
_老朱	_Ronade
_老朱	方馨2011
_老朱	金色浪涛
_老朱	正搞搞
_老朱	里杀
_老朱	乌三顺
_老朱	laviezh-小夏
_老朱	热血青年威震天
_老朱	葫芦蜀黍
_老朱	屋顶上的鬼火
_老朱	许小年
_老朱	于建嵘
企鹅古典音乐	留几手
企鹅古典音乐	中国书画艺术
企鹅古典音乐	YouTube精选
企鹅古典音乐	麻省理工科技创业
企鹅古典音乐	dolce小裁缝
企鹅古典音乐	田艺苗
企鹅古典音乐	南方都市报
企鹅古典音乐	土家野夫
企鹅古典音乐	潘采夫
企鹅古典音乐	钱钢
企鹅古典音乐	许小年
企鹅古典音乐	南方人物周刊
企鹅古典音乐	财经杂志
热血青年威震天	绿袖子蜗牛
热血青年威震天	Eileen的又一块奶酪
热血青年威震天	打酱油的芥末
热血青年威震天	FS-_-小飞飞在阿村
热血青年威震天	老树画画
热血青年威震天	Rock咻
热血青年威震天	蓉小昕
热血青年威震天	小人鱼mayland
热血青年威震天	薛定谔汤猫
热血青年威震天	edwardZq
热血青年威震天	数学文化
热血青年威震天	木由言己
热血青年威震天	_Ronade
热血青年威震天	Karajam
热血青年威震天	方馨2011
热血青年威震天	金色浪涛
热血青年威震天	正搞搞
热血青年威震天	乌三顺
热血青年威震天	laviezh-小夏
热血青年威震天	_老朱
热血青年威震天	葫芦蜀黍
热血青年威震天	屋顶上的鬼火
周云蓬	他回精神病院了
周云蓬	科学松鼠会
周云蓬	押沙龙
周云蓬	王小妮
周云蓬	熊培云
周云蓬	沙叶新
周云蓬	田艺苗
周云蓬	宁财神
周云蓬	土家野夫
周云蓬	孙孟晋
周云蓬	潘采夫
周云蓬	慕容雪村
周云蓬	贾樟柯
虾小龙哎哟na	视觉志
虾小龙哎哟na	YouTube精选
虾小龙哎哟na	外出的小名
葫芦蜀黍	严锋
葫芦蜀黍	读库
葫芦蜀黍	英国那些事儿
葫芦蜀黍	绿袖子蜗牛
葫芦蜀黍	Eileen的又一块奶酪
葫芦蜀黍	打酱油的芥末
葫芦蜀黍	FS-_-小飞飞在阿村
葫芦蜀黍	Rock咻
葫芦蜀黍	科学松鼠会
葫芦蜀黍	小人鱼mayland
葫芦蜀黍	仙姑不是天使
葫芦蜀黍	薛定谔汤猫
葫芦蜀黍	YouTube精选
葫芦蜀黍	edwardZq
葫芦蜀黍	宁财神
葫芦蜀黍	木由言己
葫芦蜀黍	_Ronade
葫芦蜀黍	方馨2011
葫芦蜀黍	金色浪涛
葫芦蜀黍	御风而行泠然善也
葫芦蜀黍	乌三顺
葫芦蜀黍	laviezh-小夏
葫芦蜀黍	_老朱
葫芦蜀黍	热血青年威震天
葫芦蜀黍	屋顶上的鬼火
葫芦蜀黍	21世纪经济报道
葫芦蜀黍	五岳散人
葫芦蜀黍	复旦大学
葫芦蜀黍	果壳网
葫芦蜀黍	优笛
屋顶上的鬼火	东东枪
屋顶上的鬼火	土土allying
屋顶上的鬼火	绿袖子蜗牛
屋顶上的鬼火	留几手
屋顶上的鬼火	巫小贝
屋顶上的鬼火	寒冰小白龙
屋顶上的鬼火	Eileen的又一块奶酪
屋顶上的鬼火	Lens杂志
屋顶上的鬼火	勇者冒冒
屋顶上的鬼火	打酱油的芥末
屋顶上的鬼火	FS-_-小飞飞在阿村
屋顶上的鬼火	Rock咻
屋顶上的鬼火	强子文身
屋顶上的鬼火	琦琦喵喵_猫姐
屋顶上的鬼火	科学松鼠会
屋顶上的鬼火	梁勒个斌
屋顶上的鬼火	小人鱼mayland
屋顶上的鬼火	美国国家地理
屋顶上的鬼火	汪贇
屋顶上的鬼火	薛定谔汤猫
屋顶上的鬼火	盛小雪_
屋顶上的鬼火	edwardZq
屋顶上的鬼火	宁财神
屋顶上的鬼火	木由言己
屋顶上的鬼火	cobrawing
屋顶上的鬼火	_Ronade
屋顶上的鬼火	方馨2011
屋顶上的鬼火	金色浪涛
屋顶上的鬼火	御风而行泠然善也
屋顶上的鬼火	正搞搞
屋顶上的鬼火	虾米音乐
屋顶上的鬼火	乌三顺
屋顶上的鬼火	laviezh-小夏
屋顶上的鬼火	_老朱
屋顶上的鬼火	热血青年威震天
屋顶上的鬼火	葫芦蜀黍
屋顶上的鬼火	我爱发财小朋友
屋顶上的鬼火	复旦大学
屋顶上的鬼火	果壳网
屋顶上的鬼火	wnqian
屋顶上的鬼火	优笛
都市快报	英国那些事儿
都市快报	美国国家地理
都市快报	南方都市报
都市快报	南方人物周刊
summer初夏	留几手
summer初夏	Lens杂志
summer初夏	科学松鼠会
summer初夏	中国书画艺术
summer初夏	南方都市报
summer初夏	21世纪经济报道
21世纪经济报道	科学松鼠会
21世纪经济报道	南方都市报
21世纪经济报道	钱钢
21世纪经济报道	许小年
21世纪经济报道	果壳网
21世纪经济报道	南方人物周刊
21世纪经济报道	财新新世纪周刊
假装是华侨	于困困
假装是华侨	吳念真老先生
假装是华侨	阿花的伊萨卡岛
假装是华侨	刀尔登
假装是华侨	展江
假装是华侨	沙叶新
假装是华侨	宁财神
假装是华侨	南方都市报
假装是华侨	土家野夫
假装是华侨	咆哮女郎柏邦妮
假装是华侨	周云蓬
假装是华侨	羽戈
假装是华侨	五岳散人
假装是华侨	钱钢
假装是华侨	许小年
假装是华侨	于建嵘
假装是华侨	财新新世纪周刊
林竹	英国那些事儿
林竹	视觉志
林竹	艾格吃饱了
林竹	科学松鼠会
林竹	美国国家地理
林竹	果壳网
王海勋haixun	杨早
王海勋haixun	读库
王海勋haixun	黄萱菁
王海勋haixun	北冥乘海生
王海勋haixun	鲁东东胖
王海勋haixun	陈利人
王海勋haixun	朱飞达_新加坡管理大学
王海勋haixun	押沙龙
王海勋haixun	刘原
王海勋haixun	麻省理工科技创业
王海勋haixun	沙叶新
王海勋haixun	数学文化
王海勋haixun	宁财神
王海勋haixun	土家野夫
王海勋haixun	李航博士
王海勋haixun	咆哮女郎柏邦妮
王海勋haixun	任晓雯
王海勋haixun	慕容雪村
王海勋haixun	五岳散人
王海勋haixun	许小年
王海勋haixun	贾樟柯
王海勋haixun	于建嵘
王海勋haixun	wnqian
王海勋haixun	南方人物周刊
任晓雯	杨早
任晓雯	严锋
任晓雯	拇指阅读
任晓雯	张发财
任晓雯	东东枪
任晓雯	读库
任晓雯	他回精神病院了
任晓雯	鹦鹉史航
任晓雯	上海译文
任晓雯	仝宗锦
任晓雯	于困困
任晓雯	诗人王寅
任晓雯	东方早报上海书评
任晓雯	中国书画艺术
任晓雯	阿花的伊萨卡岛
任晓雯	安普若-安校长
任晓雯	刘原
任晓雯	黄昱宁
任晓雯	熊培云
任晓雯	田艺苗
任晓雯	洁尘
任晓雯	土家野夫
任晓雯	咆哮女郎柏邦妮
任晓雯	孙孟晋
任晓雯	潘采夫
任晓雯	羽戈
任晓雯	慕容雪村
任晓雯	五岳散人
任晓雯	复旦大学
任晓雯	南方人物周刊
加菲众	张发财
加菲众	东东枪
加菲众	洛之秋
加菲众	于困困
加菲众	科学松鼠会
加菲众	田艺苗
加菲众	数学文化
加菲众	咆哮女郎柏邦妮
加菲众	果壳网
孙孟晋	上海译文
孙孟晋	洛之秋
孙孟晋	诗人王寅
孙孟晋	莫逆的微博
孙孟晋	吳念真老先生
孙孟晋	黄昱宁
孙孟晋	dolce小裁缝
孙孟晋	田艺苗
孙孟晋	宁财神
孙孟晋	咆哮女郎柏邦妮
孙孟晋	周云蓬
孙孟晋	任晓雯
孙孟晋	贾樟柯
潘采夫	杨早
潘采夫	张发财
潘采夫	东东枪
潘采夫	读库
潘采夫	大脸撑在小胸
潘采夫	英国那些事儿
潘采夫	他回精神病院了
潘采夫	鹦鹉史航
潘采夫	科学松鼠会
潘采夫	押沙龙
潘采夫	阿花的伊萨卡岛
潘采夫	刘原
潘采夫	黄昱宁
潘采夫	熊培云
潘采夫	展江
潘采夫	dolce小裁缝
潘采夫	宁财神
潘采夫	土家野夫
潘采夫	李冬君
潘采夫	咆哮女郎柏邦妮
潘采夫	周云蓬
潘采夫	任晓雯
潘采夫	慕容雪村
潘采夫	五岳散人
潘采夫	钱钢
潘采夫	许小年
潘采夫	贾樟柯
潘采夫	于建嵘
潘采夫	果壳网
潘采夫	财新新世纪周刊
羽戈	仝宗锦
羽戈	何其有幸9
羽戈	山东行五
羽戈	刀尔登
羽戈	李冬君
羽戈	假装是华侨
羽戈	任晓雯
羽戈	五岳散人
羽戈	南方人物周刊
慕容雪村	杨早
慕容雪村	严锋
慕容雪村	琢磨先生
慕容雪村	张发财
慕容雪村	读库
慕容雪村	他回精神病院了
慕容雪村	上海译文
慕容雪村	仝宗锦
慕容雪村	于困困
慕容雪村	押沙龙
慕容雪村	沧月
慕容雪村	阿花的伊萨卡岛
慕容雪村	刘原
慕容雪村	刀尔登
慕容雪村	熊培云
慕容雪村	粒雯
慕容雪村	展江
慕容雪村	宁财神
慕容雪村	洁尘
慕容雪村	土家野夫
慕容雪村	咆哮女郎柏邦妮
慕容雪村	周云蓬
慕容雪村	任晓雯
慕容雪村	潘采夫
慕容雪村	五岳散人
慕容雪村	钱钢
慕容雪村	许小年
慕容雪村	南方人物周刊
五岳散人	严锋
五岳散人	琢磨先生
五岳散人	他回精神病院了
五岳散人	留几手
五岳散人	仝宗锦
五岳散人	中国书画艺术
五岳散人	押沙龙
五岳散人	阿花的伊萨卡岛
五岳散人	刘原
五岳散人	黄昱宁
五岳散人	刀尔登
五岳散人	展江
五岳散人	南方都市报
五岳散人	土家野夫
五岳散人	假装是华侨
五岳散人	任晓雯
五岳散人	潘采夫
五岳散人	羽戈
五岳散人	慕容雪村
五岳散人	钱钢
五岳散人	于建嵘
惜夕西兮的西西	Discovery纪录片
惜夕西兮的西西	英国那些事儿
惜夕西兮的西西	FS-_-小飞飞在阿村
惜夕西兮的西西	阿福fd
惜夕西兮的西西	Rock咻
惜夕西兮的西西	蓉小昕
惜夕西兮的西西	科学松鼠会
惜夕西兮的西西	格格格格格巫
惜夕西兮的西西	汪贇
惜夕西兮的西西	Karajam
惜夕西兮的西西	Ruka哥
惜夕西兮的西西	laviezh-小夏
惜夕西兮的西西	复旦大学
曾庆云Krice	琢磨先生
曾庆云Krice	他回精神病院了
曾庆云Krice	杨小兔tutu
曾庆云Krice	咆哮女郎柏邦妮
曾庆云Krice	五岳散人
曾庆云Krice	FlorenceXu
曾庆云Krice	许小年
FlorenceXu	naivefish819
FlorenceXu	横店影视城娱乐频道
FlorenceXu	绿袖子蜗牛
FlorenceXu	中国书画艺术
FlorenceXu	小人鱼mayland
FlorenceXu	春春_大器晚成小狮子
FlorenceXu	田艺苗
FlorenceXu	御风而行泠然善也
FlorenceXu	laviezh-小夏
FlorenceXu	企鹅古典音乐
FlorenceXu	21世纪经济报道
FlorenceXu	曾庆云Krice
FlorenceXu	南方人物周刊
我爱发财小朋友	latex2e
我爱发财小朋友	北冥乘海生
我爱发财小朋友	寒冰小白龙
我爱发财小朋友	宁静致远渡重洋
我爱发财小朋友	临时小号88
我爱发财小朋友	卡拉OK统计学家
我爱发财小朋友	程程鱼cheng
我爱发财小朋友	Shanny的微博
我爱发财小朋友	莺桃小丸子闫-YanYing
我爱发财小朋友	家有猫好
我爱发财小朋友	王立R9
我爱发财小朋友	___pm
我爱发财小朋友	张奇FDU
我爱发财小朋友	哈哈越越
我爱发财小朋友	薛定谔汤猫
我爱发财小朋友	wawayuer
我爱发财小朋友	南方都市报
我爱发财小朋友	yidsumi
我爱发财小朋友	数据堂
我爱发财小朋友	屋顶上的鬼火
我爱发财小朋友	21世纪经济报道
我爱发财小朋友	邱锡鹏
我爱发财小朋友	MinqiZhou
我爱发财小朋友	黄宇凯
我爱发财小朋友	wnqian
我爱发财小朋友	飞鱼秀小飞
王江涛	英国那些事儿
王江涛	鹦鹉史航
王江涛	科学探索
王江涛	南方都市报
王江涛	于建嵘
王江涛	南方人物周刊
钱钢	严锋
钱钢	张发财
钱钢	东东枪
钱钢	读库
钱钢	Lens杂志
钱钢	老树画画
钱钢	仝宗锦
钱钢	环球科学杂志社
钱钢	诗人王寅
钱钢	科学松鼠会
钱钢	阿花的伊萨卡岛
钱钢	熊培云
钱钢	展江
钱钢	沙叶新
钱钢	宁财神
钱钢	南方都市报
钱钢	土家野夫
钱钢	数据堂
钱钢	李冬君
钱钢	秋风论道
钱钢	21世纪经济报道
钱钢	潘采夫
钱钢	慕容雪村
钱钢	五岳散人
钱钢	许小年
钱钢	贾樟柯
钱钢	于建嵘
钱钢	南方人物周刊
许小年	Discovery纪录片
许小年	中国书画艺术
许小年	熊培云
许小年	南方都市报
许小年	土家野夫
许小年	BalletCoppelia
许小年	慕容雪村
许小年	钱钢
许小年	于建嵘
贾樟柯	他回精神病院了
贾樟柯	鹦鹉史航
贾樟柯	宁财神
贾樟柯	南方都市报
贾樟柯	周云蓬
贾樟柯	孙孟晋
外出的小名	琢磨先生
外出的小名	社会学谢宇
外出的小名	东东枪
外出的小名	latex2e
外出的小名	Lens杂志
外出的小名	凯瑟琳me
外出的小名	吳念真老先生
外出的小名	曹方Icy
外出的小名	莉莉丝粒粒陈
外出的小名	美国国家地理
外出的小名	安普若-安校长
外出的小名	熊培云
外出的小名	唐贤兴
外出的小名	沈漂漂将军
外出的小名	数学文化
外出的小名	土家野夫
外出的小名	咆哮女郎柏邦妮
外出的小名	虾小龙哎哟na
外出的小名	任晓雯
外出的小名	加菲众
外出的小名	五岳散人
外出的小名	许小年
外出的小名	于建嵘
外出的小名	果壳网
外出的小名	南方人物周刊
外出的小名	飞鱼秀喻舟
复旦大学	复旦大学公共艺术课堂
复旦大学	严锋
复旦大学	Bing周兵
复旦大学	陈尚君的微博
复旦大学	上海译文
复旦大学	复旦张_军平
复旦大学	环球科学杂志社
复旦大学	梁勒个斌
复旦大学	史学理论陈新
复旦大学	盛小雪_
复旦大学	唐贤兴
复旦大学	姜鹏_复旦
复旦大学	Lynette_L
复旦大学	任晓雯
复旦大学	邱锡鹏
邱锡鹏	黄萱菁
邱锡鹏	latex2e
邱锡鹏	复旦张_军平
邱锡鹏	寒冰小白龙
邱锡鹏	鲁东东胖
邱锡鹏	陈利人
邱锡鹏	张栋_机器学习
邱锡鹏	阿福fd
邱锡鹏	卡拉OK统计学家
邱锡鹏	加州的好猫
邱锡鹏	莺桃小丸子闫-YanYing
邱锡鹏	家有猫好
邱锡鹏	社会网络与数据挖掘
邱锡鹏	梁勒个斌
邱锡鹏	晒太阳的猫啊
邱锡鹏	___pm
邱锡鹏	张奇FDU
邱锡鹏	薛定谔汤猫
邱锡鹏	Frank-林锋
邱锡鹏	麻省理工科技创业
邱锡鹏	edwardZq
邱锡鹏	dao_tao
邱锡鹏	李航博士
邱锡鹏	乌三顺
邱锡鹏	王海勋haixun
邱锡鹏	我爱发财小朋友
邱锡鹏	复旦大学
邱锡鹏	MinqiZhou
邱锡鹏	果壳网
邱锡鹏	wnqian
邱锡鹏	飞鱼秀喻舟
MinqiZhou	北冥乘海生
MinqiZhou	_Rhein_
MinqiZhou	莺桃小丸子闫-YanYing
MinqiZhou	acmwwy
MinqiZhou	小丫丫脚
MinqiZhou	敦敦伟大友谊
MinqiZhou	张奇FDU
MinqiZhou	科学探索
MinqiZhou	Sherry_Pot
MinqiZhou	哈哈越越
MinqiZhou	麻省理工科技创业
MinqiZhou	wawayuer
MinqiZhou	宁财神
MinqiZhou	yidsumi
MinqiZhou	dao_tao
MinqiZhou	欣欣不适合学术
MinqiZhou	蓓儿
MinqiZhou	李航博士
MinqiZhou	王海勋haixun
MinqiZhou	慕容雪村
MinqiZhou	五岳散人
MinqiZhou	我爱发财小朋友
MinqiZhou	复旦大学
MinqiZhou	邱锡鹏
MinqiZhou	胡麻好种无人种
MinqiZhou	于建嵘
MinqiZhou	胡宁
MinqiZhou	黄宇凯
MinqiZhou	wnqian
胡麻好种无人种	北冥乘海生
胡麻好种无人种	陈利人
胡麻好种无人种	老树画画
胡麻好种无人种	acmwwy
胡麻好种无人种	EMC中国研究院
胡麻好种无人种	美国国家地理
胡麻好种无人种	YouTube精选
胡麻好种无人种	熊培云
胡麻好种无人种	yidsumi
胡麻好种无人种	欣欣不适合学术
胡麻好种无人种	蓓儿
胡麻好种无人种	王海勋haixun
胡麻好种无人种	慕容雪村
胡麻好种无人种	许小年
胡麻好种无人种	MinqiZhou
胡麻好种无人种	黄宇凯
胡麻好种无人种	wnqian
于建嵘	仝宗锦
于建嵘	刘原
于建嵘	熊培云
于建嵘	展江
于建嵘	唐贤兴
于建嵘	土家野夫
于建嵘	秋风论道
于建嵘	假装是华侨
于建嵘	潘采夫
于建嵘	五岳散人
于建嵘	王江涛
于建嵘	钱钢
于建嵘	许小年
果壳网	东东枪
果壳网	英国那些事儿
果壳网	环球科学杂志社
果壳网	于困困
果壳网	科学松鼠会
果壳网	科学探索
果壳网	麻省理工科技创业
果壳网	周欣悦_中大心理系
果壳网	数学文化
果壳网	宁财神
果壳网	咆哮女郎柏邦妮
果壳网	加菲众
果壳网	许小年
果壳网	贾樟柯
果壳网	南方人物周刊
果壳网	财新新世纪周刊
胡宁	北冥乘海生
胡宁	陈利人
胡宁	张栋_机器学习
胡宁	科学松鼠会
胡宁	EMC中国研究院
胡宁	刘江总编
胡宁	麻省理工科技创业
胡宁	宁财神
胡宁	南方都市报
胡宁	数据堂
胡宁	果壳网
黄宇凯	莺桃小丸子闫-YanYing
黄宇凯	吳念真老先生
黄宇凯	acmwwy
黄宇凯	yidsumi
黄宇凯	我爱发财小朋友
黄宇凯	MinqiZhou
黄宇凯	胡麻好种无人种
黄宇凯	wnqian
wnqian	严锋
wnqian	青春的sikun
wnqian	东东枪
wnqian	黄萱菁
wnqian	latex2e
wnqian	北冥乘海生
wnqian	鹦鹉史航
wnqian	复旦张_军平
wnqian	留几手
wnqian	summerrlee
wnqian	寒冰小白龙
wnqian	Eileen的又一块奶酪
wnqian	陈利人
wnqian	snowland
wnqian	_Rhein_
wnqian	朱飞达_新加坡管理大学
wnqian	宁静致远渡重洋
wnqian	临时小号88
wnqian	卡拉OK统计学家
wnqian	程程鱼cheng
wnqian	加州的好猫
wnqian	Shanny的微博
wnqian	莺桃小丸子闫-YanYing
wnqian	家有猫好
wnqian	包云岗
wnqian	东方早报上海书评
wnqian	acmwwy
wnqian	小丫丫脚
wnqian	敦敦伟大友谊
wnqian	王立R9
wnqian	唐宋_彭超
wnqian	社会网络与数据挖掘
wnqian	___pm
wnqian	中国书画艺术
wnqian	组合优化与图论
wnqian	押沙龙
wnqian	子夏曰
wnqian	张奇FDU
wnqian	春春_大器晚成小狮子
wnqian	guoxintao
wnqian	EMC中国研究院
wnqian	科学探索
wnqian	美国国家地理
wnqian	Sherry_Pot
wnqian	哈哈越越
wnqian	歌之忆
wnqian	薛定谔汤猫
wnqian	安普若-安校长
wnqian	xiangnanhe
wnqian	Frank-林锋
wnqian	刀尔登
wnqian	麻省理工科技创业
wnqian	wawayuer
wnqian	李炎_诸行无常
wnqian	李若玙
wnqian	沙叶新
wnqian	数学文化
wnqian	宁财神
wnqian	yidsumi
wnqian	土家野夫
wnqian	dao_tao
wnqian	欣欣不适合学术
wnqian	蓓儿
wnqian	李航博士
wnqian	屋顶上的鬼火
wnqian	王海勋haixun
wnqian	潘采夫
wnqian	五岳散人
wnqian	我爱发财小朋友
wnqian	复旦大学
wnqian	邱锡鹏
wnqian	MinqiZhou
wnqian	胡麻好种无人种
wnqian	于建嵘
wnqian	果壳网
wnqian	胡宁
wnqian	黄宇凯
优笛	绿袖子蜗牛
优笛	Rock咻
优笛	deba
优笛	cobrawing
优笛	方馨2011
优笛	金色浪涛
优笛	御风而行泠然善也
优笛	乌三顺
优笛	laviezh-小夏
优笛	屋顶上的鬼火
优笛	21世纪经济报道
优笛	财新新世纪周刊
南方人物周刊	他回精神病院了
南方人物周刊	鹦鹉史航
南方人物周刊	上海译文
南方人物周刊	Lens杂志
南方人物周刊	于困困
南方人物周刊	诗人王寅
南方人物周刊	科学松鼠会
南方人物周刊	押沙龙
南方人物周刊	阿花的伊萨卡岛
南方人物周刊	刘原
南方人物周刊	刀尔登
南方人物周刊	熊培云
南方人物周刊	展江
南方人物周刊	宁财神
南方人物周刊	南方都市报
南方人物周刊	洁尘
南方人物周刊	土家野夫
南方人物周刊	周云蓬
南方人物周刊	21世纪经济报道
南方人物周刊	任晓雯
南方人物周刊	潘采夫
南方人物周刊	羽戈
南方人物周刊	慕容雪村
南方人物周刊	五岳散人
南方人物周刊	钱钢
南方人物周刊	许小年
南方人物周刊	贾樟柯
南方人物周刊	于建嵘
南方人物周刊	果壳网
南方人物周刊	财新新世纪周刊
财经杂志	Lens杂志
财经杂志	视觉志
财经杂志	南方都市报
财经杂志	都市快报
财经杂志	21世纪经济报道
财经杂志	许小年
财经杂志	于建嵘
财经杂志	南方人物周刊
财经杂志	财新新世纪周刊
财新新世纪周刊	严锋
财新新世纪周刊	张发财
财新新世纪周刊	上海译文
财新新世纪周刊	仝宗锦
财新新世纪周刊	科学松鼠会
财新新世纪周刊	美国国家地理
财新新世纪周刊	阿花的伊萨卡岛
财新新世纪周刊	刀尔登
财新新世纪周刊	熊培云
财新新世纪周刊	展江
财新新世纪周刊	宁财神
财新新世纪周刊	南方都市报
财新新世纪周刊	土家野夫
财新新世纪周刊	21世纪经济报道
财新新世纪周刊	潘采夫
财新新世纪周刊	慕容雪村
财新新世纪周刊	钱钢
财新新世纪周刊	许小年
财新新世纪周刊	于建嵘
财新新世纪周刊	果壳网
财新新世纪周刊	南方人物周刊
财新新世纪周刊	财经杂志
飞鱼秀喻舟	飞鱼秀小飞
飞鱼秀小飞	曹方Icy
飞鱼秀小飞	慕容雪村
飞鱼秀小飞	果壳网
飞鱼秀小飞	财新新世纪周刊
飞鱼秀小飞	飞鱼秀喻舟
